index;Age;Prime mensuelle;Categorie socio professionnelle;Kilometres parcourus par mois;Coefficient bonus malus;Type de vehicule;Score CRM;Niveau de vie;Marque;Salaire annuel;Score credit;Cout entretien annuel;Benefice net annuel
0;58.0;40.0;Etudiant;973;106;SUV;164;3762;Peugeot;20420;309;801;54.9985582102
2;27.0;26.0;Cadre;978;136;SUV;153;986;Renault;6790;786;696;46.0788894792
3;22.0;8.0;Etudiant;771;96;3 portes;111;2366;Peugeot;15140;320;765;-11.0482126237
5;25.0;18.0;Sans emploi;372;123;5 portes;160;2058;Peugeot;14400;850;758;16.7092144829
6;54.0;22.0;Cadre;981;86;5 portes;148;3906;Renault;27350;895;918;16.0576359837
7;18.0;37.0;Cadre;204;91;5 portes;120;874;Peugeot;12260;81;888;8.65830141361
8;48.0;19.0;Cadre;402;102;5 portes;153;4273;Peugeot;26350;86;816;14.7868602727
9;22.0;23.0;Etudiant;547;95;SUV;121;7560;Renault;50820;52;791;23.975836462
13;49.0;70.0;Cadre;986;109;5 portes;154;1805;Peugeot;13550;913;912;18.7697435478
14;44.0;17.0;Ouvrier;331;75;SUV;117;2385;Citroen;17550;530;954;24.5673348303
17;39.0;;Etudiant;509;127;5 portes;164;11807;Citroen;82220;47;896;6.57437865563
18;25.0;18.0;Cadre;235;77;SUV;101;4877;Citroen;33180;95;695;13.9299199669
20;22.0;22.0;Cadre;548;85;3 portes;113;4633;Renault;26660;399;565;-10.7831091885
24;33.0;8.0;Etudiant;338;114;SUV;138;5397;Opel;37940;661;1005;24.0927110101
25;26.0;14.0;Ouvrier;259;110;5 portes;133;3196;Volkswagen;27450;268;791;9.16125300195
26;34.0;25.0;Cadre;680;100;3 portes;136;6448;Opel;46560;191;788;-15.9749921817
27;40.0;14.0;Cadre;334;94;Utilitaire;139;1842;Peugeot;20910;842;1058;35.0365067851
28;36.0;10.0;Etudiant;786;100;5 portes;136;5437;Renault;34390;798;923;13.9689056993
29;28.0;27.0;Sans emploi;526;98;3 portes;122;7428;Opel;53460;609;766;-8.50906302166
30;;70.0;Travailleur non salarie;622;111;SUV;148;3964;Citroen;30350;759;665;29.4956465223
31;40.0;31.0;Ouvrier;950;90;Utilitaire;128;1446;Toyota;6370;489;717;76.6348445464
34;39.0;15.0;Etudiant;326;99;5 portes;137;1404;Peugeot;17060;549;660;18.9460882371
35;29.0;10.0;Cadre;636;103;SUV;129;1010;Toyota;9390;887;687;33.3274093565
36;48.0;12.0;Ouvrier;619;102;Utilitaire;152;1876;Toyota;17350;33;766;56.417637017
37;55.0;15.0;Etudiant;710;120;5 portes;169;6862;Volkswagen;42920;766;816;19.3039576102
38;70.0;14.0;Etudiant;521;98;5 portes;165;2660;;12440;443;932;28.1457532735
39;20.0;32.0;Cadre;719;123;5 portes;140;8665;;61810;454;724;1.4084641973
40;34.0;3.0;Etudiant;517;95;SUV;124;6091;Citroen;39700;127;919;28.9538423086
43;18.0;8.0;Cadre;343;105;Utilitaire;123;3255;Renault;25420;539;682;29.5742243163
45;42.0;13.0;Sans emploi;602;119;5 portes;163;504;Peugeot;9840;641;872;21.6227189525
47;30.0;1.0;Cadre;402;107;3 portes;142;5810;;32810;546;635;-4.56233011269
48;35.0;19.0;Cadre;643;94;5 portes;113;4440;Toyota;30140;63;661;9.51561832095
49;34.0;1.0;Etudiant;699;98;SUV;137;7860;;56860;867;775;31.1682617809
50;34.0;15.0;Cadre;916;121;SUV;145;1978;Citroen;7160;718;929;45.7865124424
51;48.0;8.0;Cadre;490;103;5 portes;142;6908;Citroen;47530;941;762;10.6854540418
52;28.0;11.0;Etudiant;710;80;3 portes;108;7305;Renault;50780;875;726;-14.8843952981
53;26.0;17.0;Cadre;353;89;5 portes;108;666;Peugeot;3780;281;671;13.4823811446
54;29.0;18.0;Etudiant;598;91;5 portes;127;1663;Peugeot;12110;251;935;15.1655407124
55;33.0;2.0;Etudiant;345;117;SUV;153;4756;Peugeot;34380;264;681;25.0702384114
56;28.0;14.0;Ouvrier;934;98;3 portes;121;9176;Volkswagen;69260;829;671;-30.3420284803
57;50.0;12.0;Ouvrier;545;133;5 portes;174;5182;Peugeot;34520;29;753;16.3826083441
58;22.0;13.0;Ouvrier;864;109;SUV;132;3052;Peugeot;21700;718;686;38.0658663743
59;34.0;30.0;Ouvrier;533;101;5 portes;141;3242;Renault;18520;538;651;12.2477693116
61;23.0;11.0;Ouvrier;523;114;Utilitaire;146;1636;Citroen;18130;641;936;43.81164538
62;20.0;12.0;Cadre;464;96;SUV;118;2350;Volkswagen;16800;31;874;23.9210878892
63;36.0;12.0;Etudiant;657;87;3 portes;126;2876;Peugeot;14190;805;879;-2.93897490521
64;36.0;20.0;Cadre;876;108;SUV;142;1696;Toyota;13220;104;850;43.0906145395
65;21.0;3.0;Etudiant;888;100;5 portes;122;4463;Peugeot;34360;924;852;9.96541904016
66;32.0;38.0;Cadre;676;117;5 portes;147;5397;Renault;41960;510;765;8.4930131036
67;19.0;41.0;Cadre;267;98;SUV;107;7053;Peugeot;53050;647;798;10.1861155745
68;32.0;;Travailleur non salarie;677;57;SUV;101;5695;Renault;40920;591;864;26.4573891941
69;25.0;48.0;Cadre;396;111;SUV;135;1338;Renault;13500;367;898;24.6217349952
70;18.0;26.0;Ouvrier;786;71;3 portes;89;7774;Renault;49180;654;716;-26.1483145685
71;50.0;9.0;Ouvrier;915;123;SUV;179;855;Renault;6980;756;720;50.0798582813
73;44.0;40.0;Etudiant;682;93;3 portes;138;3480;Peugeot;19330;16;958;-2.27689061682
74;21.0;17.0;Etudiant;252;82;Utilitaire;105;4148;;23780;640;883;27.0339151408
75;39.0;57.0;Cadre;632;79;5 portes;112;6610;Volkswagen;47020;18;904;7.0532444396
76;43.0;43.0;Cadre;303;113;3 portes;163;5258;;35650;835;743;2.4205114541
77;26.0;16.0;Cadre;691;96;SUV;123;4478;Citroen;28780;954;695;30.6238479081
78;43.0;11.0;Cadre;490;91;3 portes;130;1123;Renault;8540;680;825;0.0569885334477
80;44.0;12.0;Cadre;238;131;5 portes;176;10034;Volkswagen;67950;254;746;7.33926729064
81;42.0;24.0;Etudiant;287;105;3 portes;142;3340;Citroen;20250;803;889;10.2184138522
82;39.0;22.0;Cadre;747;111;Utilitaire;150;5599;Renault;37740;104;833;58.512182591
83;34.0;13.0;Travailleur non salarie;611;111;3 portes;145;3355;Opel;26720;804;772;-8.02510092017
84;35.0;17.0;Ouvrier;657;115;5 portes;151;5319;Peugeot;37920;684;746;10.306401666
86;47.0;23.0;Ouvrier;590;89;SUV;139;9338;Citroen;66420;777;839;25.2645396961
87;70.0;26.0;Cadre;848;96;SUV;159;3505;Renault;20000;973;563;49.3282725891
88;;12.0;Sans emploi;608;88;5 portes;126;2331;Peugeot;10970;472;894;18.7314906252
89;31.0;8.0;Ouvrier;941;89;5 portes;115;6777;Peugeot;45100;827;862;5.33001062085
90;32.0;;Ouvrier;733;117;3 portes;151;4381;Renault;28750;782;778;-12.4075683652
92;27.0;9.0;Ouvrier;491;98;3 portes;114;23673;Peugeot;165760;348;527;-35.7208308966
93;23.0;13.0;Ouvrier;892;89;5 portes;109;6025;;42440;174;775;4.04391503991
94;38.0;33.0;Ouvrier;480;91;3 portes;141;8278;Citroen;60310;928;822;-11.1116543468
95;30.0;13.0;Sans emploi;351;111;5 portes;146;772;Peugeot;5600;782;857;19.2805165737
98;79.0;20.0;Etudiant;695;107;5 portes;185;2413;Volkswagen;18090;51;831;30.3801976032
100;52.0;11.0;Cadre;408;111;SUV;167;2412;Peugeot;19910;108;838;31.4131725637
102;21.0;21.0;Ouvrier;535;73;3 portes;93;1520;Toyota;9270;53;915;-7.81426843905
103;36.0;14.0;Travailleur non salarie;921;109;5 portes;142;2351;Renault;21510;883;868;13.1767449258
104;31.0;12.0;Sans emploi;983;107;5 portes;137;6761;Peugeot;45630;490;784;10.8967402739
105;26.0;38.0;Etudiant;698;115;SUV;146;5580;Peugeot;41060;754;621;32.7351458996
106;36.0;32.0;Cadre;266;87;3 portes;116;2324;Volkswagen;11280;396;802;5.48292755807
107;31.0;6.0;Etudiant;786;137;SUV;164;9838;Citroen;68320;617;829;34.4327453533
109;48.0;37.0;Ouvrier;860;110;3 portes;170;2862;Citroen;21640;628;769;-11.8508023907
110;40.0;5.0;Etudiant;477;100;5 portes;130;3328;Renault;24310;821;814;17.2157152847
111;37.0;8.0;Etudiant;247;92;SUV;131;8644;Volkswagen;59460;50;912;16.9220612273
113;43.0;22.0;Cadre;299;95;SUV;136;6075;Opel;40550;467;753;19.6436201681
114;21.0;12.0;Cadre;807;64;SUV;82;1213;Renault;12810;989;702;33.5817332662
115;18.0;3.0;Sans emploi;835;82;5 portes;106;3652;Toyota;24930;564;650;10.0536534117
116;22.0;40.0;Etudiant;526;106;3 portes;125;3129;Peugeot;21830;521;770;-3.24414728986
117;65.0;10.0;Cadre;955;133;SUV;194;1232;Renault;10130;850;701;55.2098763856
118;29.0;30.0;Etudiant;339;77;3 portes;103;2334;Renault;18610;565;776;2.8357890937
120;21.0;21.0;Cadre;572;121;5 portes;130;2930;Peugeot;21880;145;810;8.72072058097
121;44.0;22.0;Ouvrier;810;109;3 portes;158;10898;Volkswagen;79250;467;670;-22.7087525363
122;53.0;16.0;Ouvrier;802;94;3 portes;155;4269;Volkswagen;27660;167;772;-10.8295949616
125;33.0;13.0;Ouvrier;232;88;5 portes;123;6714;Volkswagen;44270;126;682;5.48830556015
127;30.0;24.0;Etudiant;634;66;SUV;87;6748;Toyota;45970;10;736;29.3744425871
128;0.0;4.0;Cadre;227;74;3 portes;102;2367;Citroen;13200;268;825;4.40271419289
129;35.0;3.0;Cadre;725;104;3 portes;141;2997;Opel;19990;30;575;-9.58134570782
130;31.0;6.0;Cadre;627;93;5 portes;122;135;Renault;3110;496;771;14.4050767239
131;21.0;13.0;Travailleur non salarie;733;88;5 portes;101;9673;Renault;68980;390;757;-2.63935725786
133;;2.0;Ouvrier;417;87;3 portes;134;873;Citroen;5380;101;843;2.99770876306
134;27.0;48.0;Cadre;959;113;SUV;132;3081;Volkswagen;25340;149;927;40.2634751658
135;29.0;36.0;Cadre;782;124;5 portes;158;2225;Toyota;21990;475;821;11.3047416064
137;41.0;25.0;Sans emploi;279;110;5 portes;145;4570;Citroen;36670;305;693;15.8462028258
138;61.0;9.0;Cadre;705;111;5 portes;170;4159;Volkswagen;35950;924;886;17.3359019788
139;21.0;24.0;Cadre;430;121;SUV;142;3266;Citroen;21560;217;820;21.9528285292
140;18.0;55.0;Sans emploi;526;126;5 portes;145;3588;Renault;27610;668;643;12.2925025009
141;64.0;20.0;Cadre;825;121;SUV;186;4439;Volkswagen;29340;207;838;47.0802006757
142;67.0;8.0;Ouvrier;483;118;Utilitaire;192;4491;Peugeot;33300;303;864;50.7479135772
143;40.0;17.0;Cadre;940;90;5 portes;134;2940;Citroen;24510;676;1010;12.3287132089
144;33.0;10.0;Ouvrier;776;76;3 portes;106;3389;Renault;28080;412;908;-17.6805533944
145;20.0;25.0;Ouvrier;641;113;Utilitaire;132;5323;Renault;39070;259;820;46.580346594
146;43.0;19.0;Ouvrier;344;98;5 portes;136;2013;Peugeot;15050;270;719;15.1067382896
147;28.0;16.0;Etudiant;527;99;Utilitaire;124;1733;Toyota;15020;183;803;49.3236453251
152;42.0;30.0;Sans emploi;792;84;5 portes;124;1725;Citroen;12760;630;772;20.297000882
153;44.0;20.0;Cadre;867;105;3 portes;142;2828;Peugeot;17360;560;830;-12.0908265756
154;;31.0;Sans emploi;271;104;5 portes;121;7351;Toyota;47640;484;920;7.37879533145
157;28.0;12.0;Etudiant;750;99;Utilitaire;114;1616;Renault;8660;191;675;65.2551812316
158;33.0;34.0;Cadre;471;80;3 portes;111;4407;Citroen;26630;545;817;-5.54364783522
160;22.0;18.0;Ouvrier;493;90;5 portes;107;3421;Opel;27200;470;882;5.52682831275
162;38.0;28.0;Ouvrier;462;103;Utilitaire;144;7675;Toyota;47220;481;1019;37.5869210246
163;25.0;30.0;Etudiant;458;105;5 portes;143;1612;Peugeot;16530;432;862;14.7119134527
165;43.0;21.0;Ouvrier;935;106;3 portes;152;2373;Renault;12720;441;896;-12.8983613707
166;20.0;23.0;Sans emploi;974;92;5 portes;112;1297;Volkswagen;11520;597;727;13.1841211039
167;24.0;3.0;Cadre;846;107;SUV;134;3071;Renault;19460;557;908;36.057052394
168;24.0;52.0;Cadre;269;95;Utilitaire;121;5687;Citroen;43560;841;873;20.6021191956
169;32.0;10.0;Ouvrier;272;83;SUV;110;4959;;37560;636;861;15.3470364091
170;25.0;17.0;Ouvrier;645;107;5 portes;133;3835;Citroen;29710;469;791;8.44316850887
171;48.0;14.0;Cadre;884;89;3 portes;141;3750;Citroen;25580;842;582;-14.5160272443
172;36.0;35.0;Cadre;907;121;SUV;153;2205;Renault;15760;576;774;43.5033584218
175;32.0;19.0;Cadre;321;101;5 portes;137;1074;Volkswagen;7980;935;628;14.0842581977
176;31.0;34.0;Ouvrier;377;99;5 portes;129;2654;Citroen;15220;663;781;11.447972237
177;24.0;11.0;Etudiant;465;64;SUV;98;2204;Toyota;13470;95;686;27.9492056878
178;40.0;28.0;Ouvrier;405;118;5 portes;163;2564;Citroen;22590;786;758;14.7428188621
179;45.0;8.0;Cadre;449;87;5 portes;130;2769;Peugeot;17060;249;715;15.1563798162
180;30.0;17.0;Travailleur non salarie;294;114;SUV;134;2766;Citroen;21040;960;709;21.3780738185
181;49.0;36.0;Ouvrier;500;90;SUV;137;17156;Peugeot;118750;997;942;12.0609913484
182;23.0;36.0;Cadre;223;97;5 portes;120;5536;Volkswagen;37700;565;822;4.8543862698
183;195.0;25.0;Sans emploi;630;96;3 portes;125;5849;Peugeot;36680;643;779;-8.19500142875
186;18.0;37.0;Cadre;699;107;3 portes;129;5147;;40830;160;716;-20.3251369633
187;28.0;13.0;Cadre;689;93;3 portes;127;3657;Peugeot;23040;912;888;-13.0054551421
188;36.0;13.0;Ouvrier;946;81;5 portes;110;5823;Volkswagen;41670;5;831;6.81386797626
189;31.0;5.0;Cadre;787;91;3 portes;122;4848;Toyota;29960;214;820;-16.0105304012
190;32.0;2.0;Etudiant;859;103;3 portes;141;3058;Citroen;20450;805;768;-11.5767293916
191;30.0;25.0;Cadre;468;117;SUV;142;3594;Citroen;27780;624;769;25.7758448924
193;46.0;16.0;Etudiant;348;104;3 portes;143;4486;Volkswagen;34230;873;969;5.5159606254
194;45.0;19.0;Ouvrier;526;85;3 portes;126;4465;Citroen;38440;632;906;-7.08583280504
195;25.0;17.0;Cadre;789;113;Utilitaire;145;12150;Peugeot;77830;175;824;48.9166960847
196;27.0;29.0;Etudiant;466;100;3 portes;116;1613;Citroen;17980;938;956;0.338206455324
199;18.0;13.0;Etudiant;332;109;SUV;121;1899;Peugeot;12780;228;839;24.1192485688
200;36.0;30.0;Cadre;384;107;5 portes;143;582;;9970;462;848;15.5781985763
202;18.0;26.0;Etudiant;886;90;SUV;110;2710;;24020;821;750;39.7387971963
203;40.0;23.0;Cadre;471;74;SUV;113;1943;Toyota;18310;978;797;28.0077999499
204;36.0;6.0;Cadre;514;102;3 portes;136;6242;Renault;44960;701;1033;-8.68669039009
205;0.0;22.0;Etudiant;416;100;SUV;138;8757;Toyota;58540;452;675;24.4340360347
207;69.0;29.0;Etudiant;565;103;SUV;159;3842;Renault;24060;638;831;44.4868968013
208;0.0;28.0;Etudiant;387;94;5 portes;122;5869;Peugeot;42640;699;863;8.18557492284
209;18.0;16.0;Etudiant;650;131;3 portes;149;4561;Volkswagen;32530;252;826;-10.6405735773
210;42.0;21.0;Etudiant;362;84;SUV;132;2815;Toyota;23690;301;710;29.6439594592
211;20.0;15.0;Cadre;609;79;5 portes;105;2695;Peugeot;19980;107;848;7.51578846734
212;28.0;22.0;Cadre;958;90;Utilitaire;110;6412;Renault;42810;431;885;67.6996941539
213;31.0;20.0;Ouvrier;497;107;3 portes;140;3360;Citroen;24570;418;705;-4.53428776917
215;168.0;29.0;Cadre;245;93;SUV;110;4291;Peugeot;32050;466;780;12.3122657024
217;23.0;14.0;Etudiant;679;122;5 portes;147;3138;Renault;21830;761;709;14.3478690995
218;43.0;19.0;Cadre;969;90;SUV;135;9778;Citroen;69130;224;807;35.2200238252
220;68.0;42.0;Etudiant;608;98;3 portes;166;9069;Renault;62860;399;612;-1.80114735188
221;37.0;18.0;Cadre;807;87;SUV;118;6594;Renault;40070;683;708;33.9822813993
222;50.0;15.0;Ouvrier;980;96;3 portes;142;3463;Peugeot;25010;934;912;-16.4860205249
223;28.0;10.0;Ouvrier;789;120;5 portes;150;6036;Peugeot;43050;210;943;7.00299676677
224;33.0;0.0;Etudiant;963;93;3 portes;120;3638;Volkswagen;29110;627;864;-16.8916899676
225;24.0;43.0;Ouvrier;951;99;5 portes;119;2961;Peugeot;20650;915;718;8.522109874
226;38.0;11.0;Etudiant;585;94;5 portes;135;2515;Renault;15220;430;852;16.4444360181
227;48.0;;Cadre;727;97;SUV;144;2101;Peugeot;17300;503;767;39.9609913577
229;31.0;15.0;Etudiant;549;107;SUV;139;3217;Toyota;20010;228;913;33.896051583
230;25.0;24.0;Etudiant;892;94;3 portes;125;7126;Peugeot;50330;90;691;-21.6283300142
231;48.0;24.0;Cadre;661;86;5 portes;129;2986;Citroen;22720;153;804;14.6123543672
232;36.0;14.0;Cadre;423;97;SUV;125;2280;Toyota;12560;651;804;27.1329754878
233;18.0;;Ouvrier;298;112;Utilitaire;130;3344;;23070;643;735;25.9024274746
234;28.0;6.0;Cadre;385;99;SUV;122;1436;Volkswagen;8670;878;949;25.2488296806
235;25.0;21.0;Etudiant;299;98;5 portes;121;3719;Toyota;21940;110;779;12.9305814953
236;27.0;11.0;Sans emploi;387;72;5 portes;96;3248;Peugeot;18730;106;682;13.1800410992
237;36.0;24.0;Cadre;506;114;SUV;145;4082;Peugeot;29790;512;888;28.1554082461
238;50.0;24.0;Cadre;234;77;SUV;126;7048;Peugeot;51180;3;787;17.0770999088
239;48.0;70.0;Ouvrier;870;80;5 portes;128;4000;Peugeot;27010;582;798;12.9594541169
241;32.0;7.0;Etudiant;653;100;5 portes;136;1040;Peugeot;13930;796;524;17.4007181477
243;61.0;27.0;Etudiant;306;88;SUV;147;3713;Peugeot;25930;921;748;31.7552151224
244;22.0;10.0;Cadre;266;95;SUV;117;2379;Toyota;14080;423;907;18.630124407
245;52.0;6.0;Cadre;325;90;3 portes;149;4884;Renault;38300;687;745;1.93631830582
246;24.0;16.0;Ouvrier;988;72;SUV;89;3972;Toyota;23300;176;877;38.8938542173
247;46.0;7.0;Cadre;283;96;Utilitaire;136;1517;Peugeot;12680;191;946;34.9483874844
248;27.0;4.0;Cadre;538;89;5 portes;113;3019;;21510;491;623;9.12962734651
249;48.0;17.0;Travailleur non salarie;900;106;3 portes;153;3966;Peugeot;32670;59;838;-15.7395246842
251;24.0;43.0;Etudiant;214;114;5 portes;138;4627;Renault;33200;163;646;11.7108277901
252;26.0;6.0;Ouvrier;910;110;5 portes;126;1707;Peugeot;12600;176;720;11.6749644698
253;26.0;;Etudiant;507;113;5 portes;143;2203;Renault;13890;110;733;15.8688133001
254;47.0;45.0;Etudiant;334;118;SUV;170;2501;Peugeot;17300;276;880;32.8695383006
256;38.0;16.0;Cadre;675;97;SUV;137;9957;Volkswagen;71340;788;738;24.0659195584
257;60.0;3.0;Ouvrier;230;120;5 portes;176;2110;Peugeot;18260;551;670;21.4106053893
259;31.0;46.0;Sans emploi;688;99;5 portes;126;7054;Toyota;47180;319;787;9.05229662606
260;28.0;30.0;Ouvrier;383;112;SUV;147;4092;Renault;24290;392;928;21.6821658309
261;27.0;1.0;Etudiant;540;95;5 portes;117;3678;Peugeot;22900;284;874;12.8623760215
262;38.0;32.0;Ouvrier;354;110;5 portes;147;3290;Peugeot;29210;831;741;11.2556796584
263;25.0;7.0;Etudiant;217;87;5 portes;114;6075;Peugeot;41210;798;724;9.02245368437
264;25.0;11.0;Ouvrier;667;91;SUV;111;5041;Volkswagen;30180;979;700;28.3426285832
266;49.0;26.0;Etudiant;873;110;SUV;158;5381;Citroen;39480;821;818;45.4000124825
267;59.0;9.0;Sans emploi;359;117;3 portes;184;1207;Citroen;7370;463;805;15.2700157027
268;31.0;8.0;Sans emploi;552;98;3 portes;122;1245;Citroen;10480;895;805;-0.370452095371
269;40.0;23.0;Cadre;733;104;SUV;143;5040;Citroen;33050;424;824;34.6951489663
270;28.0;11.0;Cadre;254;109;5 portes;137;1407;Peugeot;9900;638;861;13.2165726711
271;38.0;23.0;Sans emploi;484;107;5 portes;143;7996;Renault;51100;49;746;12.0099722444
273;18.0;9.0;Cadre;396;91;SUV;108;6903;Peugeot;50860;509;976;13.1366319149
274;19.0;31.0;Ouvrier;491;121;SUV;137;4069;Peugeot;26370;382;888;23.5725526281
275;33.0;10.0;Etudiant;661;81;5 portes;117;4853;Toyota;30700;839;700;12.6488351956
276;29.0;14.0;Ouvrier;527;109;SUV;144;4797;Citroen;35570;257;894;25.7209546922
277;34.0;34.0;Etudiant;901;93;5 portes;122;8461;Opel;60720;522;852;7.85416756395
278;26.0;12.0;Etudiant;887;115;5 portes;145;6007;Renault;50120;927;792;8.85619568594
280;59.0;18.0;Cadre;541;100;Utilitaire;158;1471;Citroen;12360;786;716;55.4756709335
281;35.0;13.0;Sans emploi;352;69;3 portes;99;2351;Citroen;23890;153;713;3.07780312986
282;;13.0;Ouvrier;711;99;5 portes;144;1061;Peugeot;13620;469;823;16.0439818539
283;25.0;17.0;Ouvrier;542;116;5 portes;144;10932;Peugeot;77310;285;685;-1.78916231194
284;34.0;8.0;Sans emploi;604;77;SUV;106;3440;Peugeot;21420;823;823;34.8773139656
285;48.0;8.0;Cadre;720;117;5 portes;162;742;Renault;5510;140;619;19.5654485545
287;60.0;11.0;Sans emploi;846;99;5 portes;155;3582;Peugeot;28930;655;693;22.1082972113
289;26.0;6.0;Etudiant;925;116;SUV;140;2742;Renault;16100;656;838;45.6586178816
290;58.0;13.0;Cadre;741;86;5 portes;144;2741;;17470;459;685;18.7259714106
291;24.0;29.0;Ouvrier;455;91;SUV;118;766;Citroen;5470;917;637;25.9165888509
293;37.0;24.0;Etudiant;579;85;3 portes;131;5370;Citroen;40920;961;890;-7.3031751826
295;28.0;26.0;Cadre;657;92;5 portes;120;1257;Renault;5210;52;795;13.2065155249
297;25.0;32.0;Etudiant;489;97;SUV;122;1944;Volkswagen;13580;407;851;30.8321840386
298;18.0;16.0;Ouvrier;548;105;SUV;110;3895;Toyota;21390;101;733;24.9026132471
300;51.0;;Travailleur non salarie;778;106;5 portes;158;3624;Citroen;24220;517;806;16.2666077892
301;22.0;16.0;Cadre;461;138;3 portes;156;924;Volkswagen;7080;361;917;-1.1317564761
302;46.0;17.0;Etudiant;581;109;3 portes;160;678;Peugeot;10310;46;833;4.17851780627
303;20.0;12.0;Etudiant;958;107;5 portes;132;2450;Volkswagen;16250;223;948;13.1826987581
304;30.0;5.0;Ouvrier;894;92;SUV;119;5059;Peugeot;32150;287;873;36.4401901836
306;44.0;5.0;Etudiant;520;120;SUV;154;4107;Volkswagen;29000;726;755;35.1460897184
307;31.0;;Sans emploi;656;74;SUV;104;4790;Renault;28660;378;692;33.7029063138
308;19.0;27.0;Etudiant;295;79;3 portes;95;1575;Renault;15400;968;910;2.35822837646
311;33.0;28.0;Cadre;292;101;SUV;133;8858;Volkswagen;66200;136;801;11.1691713926
312;27.0;7.0;Etudiant;765;108;SUV;128;5171;Renault;31490;491;1037;37.4537667301
313;41.0;10.0;Cadre;611;116;SUV;154;1097;Renault;6600;187;960;37.7135895515
314;34.0;7.0;Cadre;221;112;5 portes;157;1726;Volkswagen;15110;503;754;13.9893329329
316;37.0;35.0;Cadre;811;130;5 portes;171;6237;Citroen;33650;477;726;12.333509273
319;48.0;18.0;Etudiant;400;91;5 portes;139;3783;Citroen;25420;656;818;18.7763373658
320;22.0;18.0;Ouvrier;548;98;SUV;119;4849;Renault;31710;102;878;23.3824297075
321;31.0;8.0;Etudiant;257;94;Utilitaire;130;3477;Volkswagen;23570;678;778;31.28353823
324;34.0;6.0;Ouvrier;443;50;5 portes;86;5072;Peugeot;33420;498;785;7.03294575536
326;29.0;20.0;Etudiant;878;114;Utilitaire;153;12234;Citroen;91390;488;560;58.2257033595
327;39.0;12.0;Cadre;958;108;Utilitaire;147;3435;Volkswagen;19950;424;703;75.677706759
328;59.0;39.0;Sans emploi;592;89;3 portes;147;2620;;15630;735;881;4.65359496614
330;46.0;22.0;Cadre;926;117;3 portes;155;2978;Peugeot;21760;821;699;-15.4477426839
331;22.0;10.0;Etudiant;787;96;3 portes;125;4537;Peugeot;30950;592;698;-14.9090250052
332;38.0;30.0;Travailleur non salarie;865;92;3 portes;128;5599;Renault;41600;533;625;-19.830541316
333;20.0;18.0;Cadre;329;127;5 portes;150;2261;Renault;20550;381;769;9.47265287711
334;27.0;31.0;Cadre;876;94;Utilitaire;116;2291;Citroen;14910;882;972;66.2290488671
335;21.0;41.0;Ouvrier;532;110;Utilitaire;124;299;Peugeot;7130;329;745;45.6684519339
337;43.0;42.0;Ouvrier;649;100;SUV;141;2905;Peugeot;25380;158;810;34.6052931556
339;50.0;18.0;Ouvrier;546;87;5 portes;134;370;Peugeot;3070;555;748;18.5799221253
340;23.0;11.0;Etudiant;262;118;3 portes;153;6261;Peugeot;37590;978;849;2.06583799732
341;37.0;31.0;Sans emploi;429;82;3 portes;119;3097;Volkswagen;25410;536;797;1.00047040799
342;18.0;;Cadre;428;104;SUV;116;3106;Toyota;26700;489;593;20.1466898092
343;44.0;1.0;Etudiant;757;82;5 portes;125;5381;Peugeot;39930;284;946;13.6645120552
344;34.0;9.0;Cadre;964;96;SUV;136;3166;Peugeot;26100;135;819;42.2974817417
346;20.0;52.0;Etudiant;402;75;SUV;90;5188;Citroen;34850;216;649;20.8250835433
347;32.0;6.0;Travailleur non salarie;762;117;SUV;146;3810;Toyota;23970;487;714;36.6282265169
348;30.0;13.0;Sans emploi;318;97;SUV;130;6949;Citroen;42840;293;873;20.9791702551
349;26.0;54.0;Cadre;249;118;5 portes;151;3800;Citroen;29180;778;713;9.96802480982
351;46.0;17.0;Cadre;500;113;SUV;166;4049;Opel;21410;123;744;32.5952677199
352;47.0;16.0;Cadre;560;135;SUV;178;5546;Toyota;39540;821;842;32.8063819081
353;23.0;3.0;Ouvrier;259;103;3 portes;136;3651;Renault;33580;993;882;-2.37348913758
354;42.0;8.0;Etudiant;583;90;Utilitaire;130;8018;Volkswagen;56420;735;733;47.7024561734
355;27.0;19.0;Etudiant;684;107;5 portes;127;1144;Peugeot;7760;802;610;16.8979540126
356;30.0;15.0;Etudiant;986;102;SUV;130;1870;Opel;21140;810;764;47.1520194968
359;47.0;25.0;Travailleur non salarie;589;91;5 portes;143;110;Citroen;3520;388;829;18.8324525732
360;33.0;7.0;Ouvrier;700;106;5 portes;141;2329;Renault;14110;701;841;12.8815830058
361;31.0;2.0;Etudiant;882;94;SUV;120;6296;;40560;867;764;39.1078916681
362;18.0;9.0;Cadre;598;87;3 portes;105;1882;Opel;14880;298;806;-11.1644183356
364;27.0;14.0;Etudiant;602;97;5 portes;124;1208;Peugeot;10750;115;695;15.8425123865
366;;14.0;Cadre;925;96;3 portes;128;2156;Volkswagen;14820;478;900;-16.9105181003
368;44.0;29.0;Cadre;779;91;SUV;133;6565;Citroen;47930;83;753;33.4639989704
369;36.0;8.0;Etudiant;723;105;SUV;131;5024;Peugeot;42920;361;829;34.9614265156
371;37.0;15.0;Ouvrier;842;81;SUV;123;5484;Peugeot;43980;237;925;34.3412744511
372;23.0;25.0;Cadre;756;124;Utilitaire;149;3119;Peugeot;21410;413;719;59.7951169864
373;64.0;14.0;Etudiant;593;81;3 portes;140;4588;Citroen;25890;741;902;3.95547790942
374;20.0;10.0;Etudiant;657;122;5 portes;147;7674;Citroen;53780;962;840;7.13849739881
375;42.0;11.0;Ouvrier;959;102;5 portes;155;4127;Peugeot;33060;55;801;11.6928786077
377;23.0;64.0;Cadre;707;124;5 portes;146;3113;Citroen;17700;872;814;11.6082448977
378;30.0;11.0;Ouvrier;504;96;Utilitaire;129;6190;Volkswagen;43390;234;784;38.279637361
379;29.0;31.0;Etudiant;825;84;SUV;119;2334;Volkswagen;14450;637;788;40.809950304
380;31.0;33.0;Cadre;897;100;5 portes;132;2426;Renault;13740;184;981;12.311886595
381;22.0;21.0;Sans emploi;447;119;3 portes;145;6592;;46320;895;828;-5.68973173486
382;27.0;36.0;Cadre;461;110;3 portes;131;792;Peugeot;6630;435;908;-1.1231343162
383;31.0;11.0;Sans emploi;738;112;3 portes;150;10334;Citroen;75660;92;835;-18.6061400505
384;54.0;5.0;Cadre;431;126;Utilitaire;175;1271;Citroen;19690;245;771;47.7076557519
385;21.0;12.0;Etudiant;265;103;3 portes;114;2829;Citroen;25120;430;816;3.26517923346
386;51.0;15.0;Travailleur non salarie;430;105;Utilitaire;156;6005;Peugeot;42280;172;995;40.3776422425
387;26.0;44.0;Etudiant;757;96;5 portes;122;3930;Renault;28130;611;786;12.4130955813
388;18.0;30.0;Ouvrier;602;78;3 portes;91;1624;Opel;9960;650;860;-11.8149381927
390;55.0;4.0;Sans emploi;700;124;SUV;180;4509;Citroen;31010;78;866;44.6433593027
391;36.0;16.0;Ouvrier;628;74;5 portes;107;1896;Peugeot;10520;518;758;13.1030679732
395;32.0;23.0;Etudiant;754;100;5 portes;127;2582;Peugeot;14670;370;924;16.6392313797
397;33.0;15.0;Etudiant;801;91;SUV;120;733;Renault;3420;389;894;44.4594872157
398;46.0;2.0;Cadre;952;111;3 portes;158;12179;Toyota;79860;282;753;-26.3034120707
399;42.0;4.0;Etudiant;472;116;SUV;161;6098;Peugeot;38910;211;663;30.8594331676
400;28.0;28.0;Etudiant;459;86;3 portes;118;4544;Renault;32020;380;752;-3.17503637494
401;23.0;34.0;Ouvrier;209;109;SUV;129;2753;Opel;16520;980;832;16.5259759746
403;19.0;37.0;Ouvrier;969;92;3 portes;107;2528;Citroen;16180;604;777;-23.5575419453
404;26.0;18.0;Etudiant;579;110;5 portes;140;2400;Volkswagen;16320;121;812;15.4682264623
405;39.0;5.0;Etudiant;297;94;3 portes;134;1192;Peugeot;14010;46;783;8.60347678021
406;32.0;42.0;Sans emploi;286;91;3 portes;121;3844;Peugeot;22230;24;752;5.25964614121
408;32.0;25.0;Ouvrier;721;105;SUV;128;5200;Peugeot;34010;971;927;31.8374371382
409;51.0;5.0;Travailleur non salarie;867;93;5 portes;138;1675;Toyota;13200;636;799;17.2522089866
410;28.0;8.0;Sans emploi;657;91;SUV;118;3695;Citroen;22390;188;950;35.1532377208
412;25.0;15.0;Cadre;760;79;Utilitaire;101;1377;Toyota;12550;433;934;58.9697997044
415;22.0;7.0;Etudiant;296;87;Utilitaire;105;4944;Citroen;31640;537;936;28.6207984294
416;59.0;10.0;Cadre;744;121;SUV;181;5514;Renault;39900;186;737;39.8491870862
417;38.0;19.0;Etudiant;631;106;5 portes;141;2278;Renault;18100;782;914;18.6467493272
419;28.0;27.0;Cadre;384;81;5 portes;109;2243;Renault;25370;322;845;8.66837499732
420;45.0;7.0;Cadre;874;129;5 portes;178;1187;Renault;10640;237;715;19.0888768077
421;33.0;16.0;Ouvrier;517;78;5 portes;107;4239;;34520;834;745;8.03930906913
422;24.0;39.0;Travailleur non salarie;929;108;5 portes;133;11948;Peugeot;82610;527;877;-2.97233993406
423;23.0;5.0;Cadre;417;125;3 portes;145;383;Renault;5260;960;678;-0.0204475568483
424;41.0;15.0;Cadre;709;97;3 portes;144;4525;Peugeot;35580;812;532;-12.6475311772
425;22.0;13.0;Ouvrier;789;89;3 portes;104;6061;Citroen;43670;906;766;-23.2121934832
426;28.0;5.0;Etudiant;335;99;SUV;136;3050;Peugeot;26490;204;900;23.6567385645
427;39.0;12.0;Etudiant;345;113;5 portes;152;6473;Renault;45360;120;800;14.2352412386
428;24.0;22.0;Cadre;811;120;3 portes;146;3587;Volkswagen;27500;369;767;-16.5749693639
429;33.0;0.0;Cadre;271;109;3 portes;138;2792;Citroen;20870;322;792;4.02084989982
431;44.0;20.0;Etudiant;266;89;SUV;133;7271;Citroen;47710;74;675;21.6010441533
432;37.0;64.0;Sans emploi;970;103;5 portes;139;4584;Renault;32470;91;520;15.1606676936
433;33.0;9.0;Travailleur non salarie;868;80;SUV;114;6529;Toyota;43870;231;907;33.4210272314
434;48.0;15.0;Etudiant;385;96;5 portes;137;4407;Renault;29170;962;654;17.7915953394
436;43.0;16.0;Etudiant;798;84;SUV;130;2284;Renault;14000;814;946;45.352315535
437;43.0;;Etudiant;286;117;Utilitaire;152;9390;Peugeot;64510;94;924;30.1559714849
438;31.0;35.0;Etudiant;413;86;SUV;119;1999;Renault;12900;15;589;29.3732248955
439;30.0;4.0;Travailleur non salarie;713;94;5 portes;116;1873;Citroen;14510;293;906;11.9023737833
440;25.0;15.0;Etudiant;765;98;5 portes;120;2423;Renault;18460;673;796;13.4603696932
442;26.0;4.0;Ouvrier;303;98;5 portes;132;14773;Peugeot;95780;242;855;-5.60742958885
443;22.0;23.0;Travailleur non salarie;595;119;Utilitaire;141;6020;Volkswagen;45050;508;833;42.8685926238
445;35.0;4.0;Etudiant;616;110;5 portes;149;1284;Renault;10270;840;598;19.0149026025
446;29.0;23.0;Cadre;355;87;3 portes;104;3526;Citroen;21940;319;775;-2.26644534373
447;32.0;8.0;Ouvrier;443;97;3 portes;136;1693;Peugeot;10320;957;970;-0.974201493345
448;31.0;20.0;Sans emploi;805;103;Utilitaire;131;5847;Citroen;37220;627;715;64.2211678899
449;25.0;18.0;Ouvrier;568;110;5 portes;130;2882;Peugeot;29960;669;773;8.53720897328
450;22.0;20.0;Etudiant;812;120;3 portes;142;6328;Citroen;46400;674;688;-16.561245768
451;31.0;61.0;Etudiant;340;85;SUV;112;588;Volkswagen;7580;315;750;27.8740216647
453;26.0;2.0;Cadre;839;95;5 portes;125;4599;Peugeot;34730;369;789;6.25715423657
454;34.0;34.0;Ouvrier;909;96;5 portes;129;4352;Peugeot;32710;423;962;8.38493938007
455;39.0;15.0;Etudiant;438;81;SUV;116;3325;Citroen;20890;586;770;30.9059484898
456;30.0;37.0;Cadre;929;98;3 portes;129;2708;Citroen;12300;475;812;-17.7795373335
458;28.0;6.0;Etudiant;435;81;5 portes;112;3199;Toyota;23480;889;921;12.9329222954
459;34.0;6.0;Cadre;224;95;5 portes;127;5754;Peugeot;39190;266;795;6.96622010456
460;55.0;20.0;Cadre;731;101;SUV;152;4150;Peugeot;29040;90;776;39.0710269148
462;40.0;12.0;Cadre;659;111;5 portes;150;574;Renault;8760;561;1041;16.3479672868
463;73.0;3.0;Ouvrier;440;84;SUV;161;7855;Opel;58290;543;655;28.6874628284
464;30.0;26.0;Ouvrier;463;113;3 portes;135;1662;Peugeot;9100;230;846;-1.46026444496
466;39.0;18.0;Etudiant;987;105;SUV;144;3376;Volkswagen;23300;115;731;49.71502293
468;41.0;11.0;Etudiant;509;101;5 portes;145;2882;Volkswagen;19840;289;715;18.7112861834
469;76.0;17.0;Sans emploi;595;99;SUV;181;6235;Volkswagen;44490;585;934;42.6545892038
470;40.0;13.0;Etudiant;377;114;5 portes;161;5928;Renault;39590;985;919;15.6300211594
471;28.0;5.0;Etudiant;432;82;5 portes;108;6330;Renault;43900;760;639;8.71603384116
472;38.0;6.0;Cadre;848;120;SUV;158;2086;Peugeot;16780;470;714;43.9948893406
473;20.0;23.0;Ouvrier;914;83;5 portes;107;5461;Volkswagen;37560;979;809;4.49435994472
474;35.0;34.0;Ouvrier;496;119;5 portes;155;3296;Renault;27200;175;869;12.0783451434
476;47.0;8.0;Cadre;922;88;SUV;145;7931;Opel;51380;875;891;38.7859778492
477;19.0;29.0;Cadre;770;132;5 portes;157;3735;Renault;30270;647;885;7.37144231322
478;33.0;12.0;Etudiant;566;82;SUV;106;857;Renault;4530;662;652;36.2935102858
479;;7.0;Cadre;966;97;3 portes;135;757;Renault;8770;625;690;-14.8573525171
480;34.0;23.0;Etudiant;908;103;SUV;135;1662;Volkswagen;7890;124;847;48.2854660894
481;43.0;28.0;Cadre;570;107;5 portes;159;5809;Peugeot;37500;102;747;10.9303369349
482;33.0;12.0;Cadre;354;103;3 portes;127;1352;Renault;10270;869;752;2.60971242716
483;33.0;10.0;Cadre;868;111;SUV;146;6131;Volkswagen;39440;618;860;36.7512405863
485;59.0;23.0;Cadre;737;100;SUV;155;3502;Volkswagen;26770;416;684;41.1088091418
486;37.0;13.0;Cadre;844;86;3 portes;127;2464;Renault;19240;178;729;-15.6179403324
487;30.0;2.0;Cadre;215;94;Utilitaire;122;1925;Peugeot;13970;613;563;26.2076004164
488;19.0;11.0;Cadre;696;113;5 portes;123;10304;Volkswagen;73260;467;814;-1.67472895497
489;40.0;17.0;Etudiant;845;82;3 portes;116;8174;Toyota;56680;950;1005;-17.5729798695
490;38.0;13.0;Ouvrier;428;101;3 portes;145;4361;Opel;32680;289;755;-2.82207586505
491;20.0;17.0;Sans emploi;324;69;5 portes;85;3825;Peugeot;24100;939;665;10.6219130191
492;40.0;15.0;Etudiant;912;89;3 portes;135;4653;;29000;839;670;-13.6502806185
494;64.0;21.0;Sans emploi;486;118;Utilitaire;173;5196;Toyota;41370;267;706;53.0200050385
496;49.0;15.0;Etudiant;382;96;5 portes;147;6079;Peugeot;38570;975;743;16.3141156338
497;47.0;55.0;Etudiant;465;110;5 portes;164;2248;Peugeot;16310;590;727;21.7588008793
499;41.0;12.0;Ouvrier;808;111;SUV;150;6171;Opel;42270;166;706;36.5395339892
500;28.0;10.0;Cadre;903;115;SUV;141;4109;Renault;23430;103;794;40.0330868874
501;22.0;26.0;Etudiant;727;107;5 portes;128;3010;Citroen;27640;901;626;10.9138949526
502;53.0;34.0;Sans emploi;839;112;5 portes;164;4894;Renault;32590;401;717;19.9446069537
503;40.0;16.0;Etudiant;351;99;5 portes;136;3636;Opel;26550;637;890;16.4430510338
504;29.0;10.0;Cadre;775;99;5 portes;125;2502;Citroen;20510;233;742;10.5516331202
505;24.0;20.0;Ouvrier;984;73;5 portes;93;3567;Volkswagen;23230;163;896;7.59324004558
506;58.0;4.0;Sans emploi;927;102;5 portes;158;2052;;18910;267;757;23.697908649
507;44.0;44.0;Etudiant;827;119;SUV;156;4148;Toyota;28000;916;739;45.812083925
508;30.0;25.0;Cadre;914;88;5 portes;117;2893;Peugeot;15660;282;794;11.3132470913
510;45.0;50.0;Cadre;454;101;5 portes;147;3040;Peugeot;24350;878;662;15.3140586227
511;45.0;18.0;Ouvrier;711;117;5 portes;156;1113;Citroen;14020;575;877;17.7689451744
513;30.0;12.0;Cadre;232;77;5 portes;115;-320;Renault;4200;102;878;12.968333666
514;34.0;25.0;Etudiant;415;106;5 portes;131;4071;Opel;22900;97;835;16.1738531249
515;20.0;46.0;Ouvrier;667;90;SUV;116;1638;Peugeot;12340;663;803;30.2227796866
516;50.0;28.0;Cadre;251;104;5 portes;158;4330;Renault;33970;164;642;13.4991330845
517;22.0;3.0;Cadre;250;66;3 portes;85;3295;Toyota;27610;38;857;-2.40643170179
518;30.0;19.0;Cadre;501;113;5 portes;133;2716;Peugeot;22750;187;961;11.3746195247
519;35.0;9.0;Cadre;296;94;SUV;132;4320;;31420;665;773;19.6441783385
520;23.0;4.0;Cadre;531;103;5 portes;132;4444;;35600;898;911;7.02892009255
521;28.0;17.0;Cadre;739;97;3 portes;130;4046;Volkswagen;22460;214;835;-14.7433425472
522;38.0;19.0;Ouvrier;577;84;3 portes;127;6604;Toyota;48850;332;707;-11.852705737
523;48.0;29.0;Ouvrier;214;107;SUV;160;1242;Renault;11440;592;809;25.4980125947
524;29.0;6.0;Ouvrier;942;92;SUV;121;4103;Peugeot;27650;186;922;38.8779455473
525;21.0;33.0;Ouvrier;400;89;5 portes;115;2651;Renault;13480;767;693;8.66277389888
526;33.0;11.0;Ouvrier;205;109;3 portes;149;12784;Peugeot;84860;206;772;-6.39949111999
527;36.0;15.0;Cadre;554;98;5 portes;135;2267;Peugeot;17580;981;860;12.3520736722
528;24.0;8.0;Etudiant;880;89;5 portes;107;17287;Peugeot;120120;20;823;-7.43967566372
529;24.0;9.0;Cadre;946;114;5 portes;148;1538;Renault;10250;27;805;12.0401898677
530;18.0;12.0;Etudiant;306;91;SUV;109;6322;Peugeot;42400;2;814;16.4874760297
531;18.0;22.0;Ouvrier;255;99;SUV;110;1693;Volkswagen;10960;943;692;17.0419298008
534;23.0;28.0;Cadre;931;118;5 portes;143;653;Renault;3960;233;741;13.893703011
535;30.0;9.0;Etudiant;832;124;SUV;156;4635;;36590;95;581;39.7389785285
537;27.0;7.0;Travailleur non salarie;854;88;5 portes;110;4814;Peugeot;33560;297;770;6.75402030579
538;28.0;36.0;Ouvrier;231;124;SUV;152;3208;Renault;26050;480;843;17.9565903319
539;37.0;21.0;Travailleur non salarie;340;120;Utilitaire;154;2786;Citroen;20630;893;786;36.8783686826
540;;12.0;Ouvrier;234;95;5 portes;141;4799;Citroen;35370;362;1025;10.4894274381
541;18.0;17.0;Cadre;200;110;SUV;127;1971;Renault;14260;169;930;16.2657232572
543;30.0;6.0;Ouvrier;999;76;3 portes;108;4059;Peugeot;33470;584;644;-24.5360397342
544;20.0;12.0;Ouvrier;644;115;5 portes;130;2423;Renault;23500;358;879;7.36583675424
546;39.0;14.0;Etudiant;308;101;3 portes;149;7241;Peugeot;51310;515;930;1.78539484236
547;55.0;36.0;Cadre;929;125;5 portes;189;4738;Peugeot;32600;366;852;17.2622013031
548;20.0;5.0;Travailleur non salarie;934;121;Utilitaire;143;6356;Peugeot;42940;493;753;65.0058897877
549;48.0;24.0;Cadre;667;90;5 portes;137;3323;Renault;23900;948;604;15.1216737354
550;56.0;50.0;Travailleur non salarie;777;83;3 portes;143;3655;Citroen;22790;123;798;-8.45593087559
551;30.0;7.0;Cadre;679;71;5 portes;99;2267;Peugeot;19000;46;756;9.87094849478
552;18.0;6.0;Travailleur non salarie;770;100;3 portes;100;2925;Toyota;20250;709;771;-17.7714596525
553;22.0;17.0;Etudiant;982;94;5 portes;109;3271;Peugeot;25810;165;614;11.3445354507
555;27.0;23.0;Cadre;261;100;SUV;129;7922;Renault;53300;128;835;12.0121847037
556;33.0;14.0;Etudiant;262;90;3 portes;125;1670;Renault;9700;849;747;8.63411578741
557;66.0;19.0;Cadre;723;93;5 portes;163;3776;Peugeot;33230;712;887;18.2755948209
560;49.0;15.0;Etudiant;906;92;SUV;139;4822;Citroen;30010;68;769;47.2126977251
561;26.0;14.0;Ouvrier;950;109;SUV;138;2244;Toyota;18040;367;734;40.7149211133
562;80.0;3.0;Travailleur non salarie;290;90;SUV;161;4560;Renault;32570;64;1145;31.4334765213
563;27.0;7.0;Cadre;376;101;3 portes;123;2680;;23710;970;797;-2.78956553044
564;18.0;11.0;Etudiant;992;109;5 portes;131;5615;Opel;30520;285;898;10.2664257796
565;40.0;7.0;Ouvrier;935;95;SUV;133;4674;Peugeot;31060;570;651;41.3157715167
566;19.0;37.0;Etudiant;702;87;3 portes;107;2745;Citroen;16090;150;521;-10.5112264292
567;19.0;22.0;Cadre;579;134;5 portes;144;5217;Citroen;34220;863;784;7.77800073777
569;24.0;15.0;Cadre;590;108;5 portes;139;4645;Peugeot;30390;703;720;7.87110704214
570;18.0;4.0;Ouvrier;980;98;SUV;120;3543;Volkswagen;25980;107;673;37.2762598748
571;26.0;17.0;Etudiant;814;88;3 portes;117;6147;Renault;40430;667;923;-16.5492650389
572;44.0;41.0;Cadre;709;119;5 portes;164;7312;Volkswagen;50910;714;839;9.20388566123
573;58.0;23.0;Ouvrier;289;105;SUV;165;3418;Opel;19390;782;721;28.9288510639
574;37.0;2.0;Cadre;776;105;SUV;145;3220;Citroen;25120;641;743;36.5112733285
575;34.0;35.0;Ouvrier;293;65;SUV;110;3622;Peugeot;27250;567;971;18.528621106
576;29.0;22.0;Etudiant;317;104;3 portes;141;6144;Peugeot;40700;968;969;0.52128466355
577;31.0;4.0;Sans emploi;889;112;Utilitaire;143;3269;Citroen;18410;99;589;73.3994455796
579;35.0;5.0;Etudiant;650;97;SUV;132;8288;Peugeot;60510;148;725;29.5319021706
580;30.0;29.0;Cadre;758;117;5 portes;142;2157;Citroen;15520;158;795;12.608081079
581;24.0;19.0;Cadre;876;103;5 portes;129;1466;Renault;12010;647;867;11.4001550309
583;74.0;47.0;Ouvrier;251;115;SUV;194;3306;Peugeot;20000;698;825;32.4913594835
584;49.0;38.0;Cadre;232;115;SUV;163;4025;Opel;23750;426;695;24.2684161367
585;48.0;15.0;Cadre;262;80;3 portes;129;7696;Opel;52820;900;897;-0.980214906591
588;58.0;5.0;Ouvrier;500;69;Utilitaire;130;5448;Peugeot;32350;999;838;46.960108242
589;28.0;19.0;Etudiant;687;104;3 portes;126;8989;Peugeot;60890;625;851;-15.6766887786
590;30.0;18.0;Etudiant;297;73;5 portes;104;5005;Renault;35120;683;794;11.1314130123
593;35.0;11.0;Cadre;739;84;SUV;119;2973;Citroen;18140;112;747;35.8358946368
594;30.0;27.0;Ouvrier;325;92;5 portes;117;828;Citroen;8290;28;708;13.2199773426
595;28.0;41.0;Cadre;978;99;3 portes;118;3744;Renault;29610;141;735;-23.293864792
597;36.0;6.0;Ouvrier;282;86;SUV;116;5693;Peugeot;38670;81;695;16.2542730152
598;31.0;10.0;Etudiant;332;86;Utilitaire;117;6110;Citroen;36110;499;732;33.3602502781
599;65.0;17.0;Cadre;991;122;SUV;178;1074;Citroen;8500;631;823;57.0328353866
603;29.0;28.0;Cadre;502;73;3 portes;97;2052;Renault;20600;969;632;-7.43173021328
604;25.0;4.0;Travailleur non salarie;438;68;SUV;93;4947;Peugeot;33010;936;911;19.6602829529
605;48.0;29.0;Ouvrier;796;84;3 portes;137;10913;Peugeot;80510;105;915;-23.3285980444
606;38.0;28.0;Sans emploi;265;94;SUV;133;4039;;24330;245;867;24.1119368079
607;30.0;13.0;Ouvrier;217;82;5 portes;119;9358;Peugeot;60530;726;848;2.27802441613
608;18.0;19.0;Cadre;524;99;SUV;120;3233;;23630;356;844;23.0408493557
610;25.0;9.0;Etudiant;256;76;5 portes;108;7873;Peugeot;54320;255;889;6.0198779833
615;31.0;12.0;Ouvrier;343;132;5 portes;167;3652;Toyota;23390;601;808;13.1614162735
616;29.0;35.0;Cadre;486;112;3 portes;141;2336;Renault;17960;717;863;-4.68755237581
617;18.0;10.0;Etudiant;744;96;5 portes;112;4020;Renault;28600;475;997;10.4189711759
618;30.0;20.0;Ouvrier;261;105;SUV;137;5115;Peugeot;33600;251;883;16.8472664904
620;28.0;18.0;Etudiant;255;88;3 portes;114;1778;Citroen;12710;52;662;6.62717724371
622;44.0;21.0;Cadre;636;116;5 portes;160;9668;Renault;64870;655;902;7.27646699395
624;;28.0;Etudiant;225;92;SUV;130;4068;Citroen;26520;603;826;21.0441482873
625;21.0;9.0;Ouvrier;310;96;3 portes;123;2382;Citroen;14330;39;749;-0.824118807393
626;39.0;6.0;Ouvrier;421;92;SUV;122;3835;Peugeot;29480;642;733;24.6228984572
627;24.0;13.0;Etudiant;531;115;SUV;142;8847;Renault;60580;827;716;23.8252606038
628;31.0;23.0;Cadre;443;118;5 portes;149;5330;Peugeot;41950;262;619;7.0449763005
629;41.0;68.0;Ouvrier;992;86;3 portes;132;1758;Opel;7270;456;1022;-16.348777872
631;28.0;37.0;Etudiant;926;91;SUV;116;3053;Renault;21650;145;1017;43.7791416561
634;25.0;3.0;Etudiant;323;115;3 portes;139;2736;Citroen;17060;421;737;5.49710711611
635;26.0;8.0;Ouvrier;882;95;5 portes;128;3642;Volkswagen;29160;329;797;7.37277735866
637;23.0;32.0;Ouvrier;300;108;SUV;137;626;Renault;9260;995;892;20.4569890461
638;23.0;16.0;Sans emploi;356;108;3 portes;130;4464;Volkswagen;31980;307;806;-0.502824016811
639;32.0;3.0;Ouvrier;218;94;SUV;122;5925;Volkswagen;37870;940;707;14.6968468479
640;63.0;2.0;Ouvrier;708;102;5 portes;156;2826;Citroen;19000;500;713;20.2386206461
642;28.0;34.0;Cadre;418;113;3 portes;151;632;Renault;8020;72;742;-0.244485324851
644;23.0;64.0;Cadre;737;107;3 portes;134;2241;Peugeot;17320;714;921;-14.1344422076
646;30.0;17.0;Ouvrier;631;85;Utilitaire;118;5515;Volkswagen;37360;914;864;47.3693082096
647;33.0;4.0;Cadre;767;110;3 portes;144;5123;Toyota;35920;318;819;-15.7879647439
648;36.0;18.0;Sans emploi;236;101;5 portes;141;3319;Peugeot;21060;167;651;17.1941618869
649;37.0;22.0;Etudiant;570;115;SUV;145;4587;Peugeot;32640;305;866;33.3799888084
650;23.0;21.0;Cadre;496;82;3 portes;98;2123;Toyota;14940;915;944;-6.85613618881
652;25.0;27.0;Etudiant;664;104;5 portes;120;675;Renault;6780;904;728;16.8081217144
653;26.0;27.0;Cadre;261;74;5 portes;101;2429;Opel;16370;889;868;8.61032718852
654;20.0;10.0;Etudiant;747;97;5 portes;118;7323;Peugeot;45620;829;879;7.43848667586
656;41.0;26.0;Ouvrier;891;93;5 portes;132;4813;Opel;31220;102;869;10.6187662049
657;34.0;5.0;Cadre;582;96;3 portes;129;6363;Renault;46670;140;856;-11.8663458098
658;31.0;43.0;Sans emploi;882;66;5 portes;91;2813;Opel;12850;296;905;15.1211416701
660;27.0;2.0;Etudiant;582;101;5 portes;133;4077;Citroen;32510;570;752;12.5037606476
661;39.0;11.0;Etudiant;681;115;SUV;157;1257;Citroen;12490;850;719;42.2262990259
663;28.0;10.0;Cadre;444;105;Utilitaire;131;3524;Peugeot;23440;12;802;38.1712477806
664;26.0;16.0;Etudiant;239;113;3 portes;142;5021;Renault;36070;504;831;3.69894082391
665;35.0;57.0;Etudiant;759;64;5 portes;100;4663;Renault;37130;203;790;11.2356102111
666;26.0;15.0;Cadre;807;108;SUV;134;1264;Renault;7580;685;755;38.0951511996
667;44.0;4.0;Etudiant;903;116;SUV;161;2371;Citroen;16200;8;791;50.1446587275
669;36.0;3.0;Ouvrier;838;103;SUV;132;2355;Toyota;21710;700;832;39.1830898213
670;35.0;55.0;Cadre;345;94;5 portes;137;1657;Peugeot;15460;718;668;12.2000112381
671;31.0;21.0;Ouvrier;474;94;3 portes;119;3293;Renault;22310;749;790;-4.84401961673
672;45.0;33.0;Cadre;519;100;3 portes;146;3645;Opel;24430;395;914;-2.71540432393
673;48.0;1.0;Sans emploi;468;106;3 portes;152;3299;Renault;22840;52;764;4.33932177515
674;49.0;22.0;Etudiant;461;108;Utilitaire;154;7719;Toyota;54570;855;794;44.0108819443
675;52.0;38.0;Cadre;714;98;3 portes;146;3584;Peugeot;31280;568;773;-8.43459759061
676;32.0;2.0;Ouvrier;867;81;3 portes;110;4484;Citroen;31220;176;639;-19.7174877247
677;39.0;19.0;Etudiant;620;127;5 portes;164;905;Peugeot;9950;645;874;21.9580675263
678;19.0;57.0;Etudiant;783;87;5 portes;110;3653;Toyota;25430;575;712;10.1862297508
679;35.0;24.0;Etudiant;673;59;5 portes;98;4659;Renault;30990;476;842;12.1620379796
680;25.0;6.0;Etudiant;764;121;Utilitaire;144;3283;Renault;25350;681;1067;62.8731090862
681;63.0;33.0;Cadre;679;115;SUV;192;3205;Peugeot;26020;752;817;41.3551829735
682;42.0;29.0;Sans emploi;310;102;5 portes;143;3062;Peugeot;17960;152;995;18.4785747899
683;21.0;21.0;Cadre;888;114;3 portes;137;5051;Citroen;34130;65;980;-21.3290272747
684;60.0;22.0;Cadre;334;106;SUV;166;5261;Renault;39060;9;617;27.2919598365
685;23.0;34.0;Cadre;420;87;SUV;113;10766;Renault;85870;102;625;8.32238149347
686;39.0;31.0;Ouvrier;627;101;5 portes;134;2548;;18010;557;662;14.1061496482
687;55.0;4.0;Sans emploi;742;81;Utilitaire;133;4488;Renault;29220;817;781;67.0534388023
688;26.0;24.0;Etudiant;942;90;SUV;109;11570;Citroen;77070;224;688;32.5729304988
689;55.0;19.0;Ouvrier;317;86;5 portes;141;2395;Peugeot;19140;665;617;16.3366778141
690;59.0;20.0;Cadre;238;102;SUV;160;3614;Renault;27550;764;778;25.3856437819
692;31.0;22.0;Cadre;658;90;5 portes;120;4194;Renault;26430;561;908;8.87636223222
693;36.0;13.0;Cadre;783;106;Utilitaire;146;6056;Renault;46510;362;756;57.7656289713
694;29.0;21.0;Etudiant;346;68;5 portes;96;7359;Peugeot;51910;248;1001;6.78192178954
696;35.0;18.0;Cadre;251;108;5 portes;142;6829;Renault;46870;814;814;7.35066813835
697;29.0;4.0;Ouvrier;303;114;3 portes;146;8779;Peugeot;66900;886;902;-8.37356895607
698;33.0;3.0;Cadre;342;114;5 portes;141;1558;Volkswagen;9590;889;901;14.552668523
699;58.0;7.0;Etudiant;270;116;SUV;175;2587;Renault;19850;536;763;33.0851903889
700;49.0;20.0;Cadre;234;75;5 portes;135;4722;Opel;33840;446;812;12.7718658911
701;44.0;22.0;Cadre;718;92;5 portes;125;1664;Citroen;9810;48;863;15.43190928
702;62.0;7.0;Ouvrier;981;61;SUV;128;4946;Citroen;30620;770;786;47.1995139982
703;38.0;34.0;Etudiant;535;97;SUV;136;2054;Renault;20320;415;758;34.893899362
704;18.0;11.0;Sans emploi;321;103;5 portes;119;4710;Peugeot;29460;293;900;9.13511226945
706;21.0;2.0;Ouvrier;395;86;SUV;102;9382;Peugeot;66710;429;686;10.3672009255
707;41.0;10.0;Cadre;772;106;5 portes;143;6447;Peugeot;40220;789;860;11.0187756683
708;32.0;17.0;Cadre;697;107;5 portes;138;3622;Citroen;24700;722;869;12.2897160159
710;28.0;16.0;Etudiant;987;90;5 portes;113;4912;Peugeot;36460;392;898;10.731844317
712;18.0;22.0;Cadre;700;101;SUV;118;5465;Renault;33970;132;890;26.5144880444
713;28.0;15.0;Travailleur non salarie;516;104;5 portes;132;4760;Citroen;25750;99;725;9.78392456587
715;23.0;8.0;Sans emploi;489;99;5 portes;115;1754;Renault;9160;850;769;14.7618354879
719;34.0;25.0;Cadre;368;93;5 portes;135;11710;Renault;76720;632;833;-0.347358490613
720;40.0;25.0;Etudiant;808;103;5 portes;144;5314;Renault;43710;945;798;14.2735631143
721;43.0;16.0;Ouvrier;614;89;SUV;135;4458;Citroen;32940;566;694;31.7247021876
722;43.0;3.0;Etudiant;389;120;Utilitaire;164;1254;Volkswagen;15480;693;695;47.23902815
723;41.0;21.0;Cadre;793;106;SUV;146;8728;Renault;60720;124;819;31.9146958906
724;21.0;10.0;Cadre;293;102;SUV;121;10814;Volkswagen;72640;746;774;7.60578198115
725;53.0;12.0;Ouvrier;770;111;Utilitaire;158;432;Renault;7380;602;941;70.0506905231
726;26.0;34.0;Ouvrier;812;111;5 portes;148;633;Renault;5870;415;725;12.3084696739
727;36.0;50.0;Etudiant;629;101;SUV;136;3187;Toyota;17670;216;826;37.9542689403
728;28.0;13.0;Cadre;626;115;SUV;142;2254;Citroen;16090;706;802;32.6848652365
732;26.0;6.0;Cadre;259;83;5 portes;109;5232;Renault;33920;511;785;5.90476962973
734;31.0;23.0;Travailleur non salarie;594;102;SUV;131;18452;Volkswagen;125490;948;867;8.5549879416
736;32.0;11.0;Cadre;491;120;5 portes;144;8295;Citroen;60380;951;833;4.83190019304
737;29.0;33.0;Ouvrier;486;99;5 portes;129;1633;Citroen;13280;609;765;12.610912457
739;24.0;4.0;Etudiant;448;93;SUV;118;5016;Renault;34590;934;887;25.1396557781
740;25.0;7.0;Etudiant;281;99;SUV;118;6808;Volkswagen;46720;269;1026;17.1883536253
741;59.0;10.0;Cadre;464;99;3 portes;159;3303;Renault;28890;211;769;1.64977640913
742;35.0;18.0;Etudiant;294;88;SUV;119;2585;;14960;107;736;26.4919225498
743;21.0;7.0;Etudiant;980;100;Utilitaire;123;726;Peugeot;8150;890;758;78.1146779071
744;27.0;15.0;Sans emploi;879;78;5 portes;111;2530;Peugeot;25660;442;739;12.2762794098
746;42.0;28.0;Cadre;257;106;SUV;144;2335;Opel;14870;725;688;24.1436776495
747;33.0;3.0;Etudiant;550;89;5 portes;120;9147;Volkswagen;56690;725;790;7.84388732029
748;45.0;13.0;Cadre;915;109;SUV;151;4047;Citroen;29640;147;763;42.9776970389
750;35.0;14.0;Etudiant;514;91;SUV;131;9726;Renault;60650;926;697;24.2956700783
751;39.0;31.0;Etudiant;498;64;SUV;95;995;Citroen;6410;149;895;35.6705083452
752;33.0;16.0;Cadre;340;113;5 portes;151;6103;Renault;43640;922;895;8.73638813712
753;58.0;11.0;Ouvrier;202;120;SUV;187;2320;Renault;20010;423;806;26.5739028121
754;21.0;14.0;Etudiant;630;76;SUV;87;1275;Peugeot;12440;473;774;33.403217376
755;39.0;1.0;Ouvrier;733;103;5 portes;144;4406;Peugeot;25670;263;795;11.627845777
756;31.0;18.0;Cadre;365;104;5 portes;132;7980;Opel;56810;381;854;3.85348361448
757;18.0;9.0;Ouvrier;668;75;5 portes;91;3042;Renault;23180;222;742;5.53016391009
758;37.0;47.0;Travailleur non salarie;526;91;SUV;124;490;Citroen;5220;778;827;31.7479999266
760;65.0;4.0;Cadre;625;103;3 portes;171;2028;Citroen;16260;822;735;1.92074556281
761;22.0;25.0;Sans emploi;863;100;SUV;122;6549;Peugeot;43650;44;727;36.9121163066
762;56.0;28.0;Etudiant;682;117;3 portes;175;2221;Citroen;14620;616;900;3.07852024861
763;83.0;35.0;Cadre;516;91;5 portes;184;2709;Peugeot;18130;359;648;25.4492859502
764;22.0;22.0;Etudiant;218;73;SUV;90;6245;Citroen;46790;350;970;12.5894107466
769;29.0;14.0;Sans emploi;361;104;5 portes;124;1067;Toyota;11990;388;863;16.5356611586
770;35.0;0.0;Cadre;815;102;SUV;141;2912;Renault;19720;60;785;39.1730419136
772;54.0;37.0;Ouvrier;532;109;5 portes;160;7064;Citroen;49820;409;959;12.7787614686
774;;10.0;Sans emploi;605;91;SUV;123;569;Volkswagen;9150;577;776;36.3400069484
775;25.0;15.0;Ouvrier;243;83;3 portes;104;3232;Citroen;19890;264;775;0.757362862141
777;18.0;27.0;Etudiant;338;89;5 portes;101;1458;Peugeot;10470;890;696;12.6321481806
780;45.0;46.0;Etudiant;799;108;5 portes;157;1435;Citroen;9860;542;835;21.6433025274
781;42.0;24.0;Cadre;268;103;5 portes;142;1894;;16240;202;832;14.8054825835
782;21.0;17.0;Ouvrier;515;105;SUV;130;6187;Peugeot;39230;427;583;21.5042355442
783;26.0;3.0;Ouvrier;906;119;5 portes;143;5674;Peugeot;41240;163;915;6.31614917492
784;36.0;23.0;Ouvrier;961;86;5 portes;118;3452;Renault;26710;172;879;11.3877181669
785;35.0;35.0;Cadre;449;101;SUV;137;-558;Citroen;1560;652;1016;30.7827468342
786;30.0;9.0;Ouvrier;364;105;3 portes;137;1525;Peugeot;10650;534;887;1.41630406953
789;20.0;31.0;Cadre;258;95;5 portes;120;6534;Peugeot;44170;267;688;2.07738242349
791;68.0;16.0;Cadre;440;117;3 portes;176;1243;;5150;135;867;11.6890963432
792;36.0;64.0;Cadre;970;102;Utilitaire;137;4882;Peugeot;33110;461;652;71.9769926472
793;24.0;18.0;Cadre;778;144;SUV;171;3655;Renault;27000;567;789;35.7365779482
795;24.0;10.0;Etudiant;457;96;5 portes;119;5964;Renault;43530;330;670;8.85260213521
796;40.0;6.0;Cadre;736;134;5 portes;178;2073;Citroen;12250;988;802;18.2562161335
797;34.0;50.0;Sans emploi;944;92;5 portes;122;3657;Citroen;25530;765;883;15.1105214608
798;30.0;24.0;Ouvrier;413;133;3 portes;162;4330;Peugeot;31750;660;772;-1.75513687755
799;53.0;7.0;Travailleur non salarie;716;54;3 portes;104;10355;Renault;69530;166;708;-16.9684783969
800;34.0;31.0;Cadre;547;90;5 portes;124;6648;;46200;459;945;6.11511673641
801;22.0;38.0;Cadre;230;121;5 portes;144;5061;Renault;37060;635;551;7.90450803192
802;24.0;24.0;Travailleur non salarie;240;124;3 portes;140;2139;Toyota;20270;681;708;1.47540007287
804;28.0;10.0;Ouvrier;236;91;3 portes;125;1757;Volkswagen;11470;344;795;3.76875597255
806;39.0;31.0;Ouvrier;838;112;Utilitaire;151;1765;Opel;13880;449;801;69.9643593804
807;45.0;18.0;Etudiant;955;105;5 portes;154;3156;Peugeot;25010;625;756;18.5706016705
808;31.0;19.0;Etudiant;528;115;SUV;143;11068;Toyota;78270;365;770;22.6951287361
809;59.0;15.0;Cadre;820;90;3 portes;142;5884;Volkswagen;40380;209;700;-12.6174968183
810;24.0;3.0;Cadre;909;113;SUV;136;6117;Citroen;43270;696;743;33.9385570148
815;36.0;14.0;Travailleur non salarie;778;88;SUV;129;3146;Renault;24660;790;761;35.9457688435
816;48.0;11.0;Cadre;294;80;5 portes;129;5178;Renault;33590;723;771;13.2432455652
818;66.0;29.0;Sans emploi;485;107;3 portes;168;3569;Peugeot;22140;271;939;10.4469639881
819;49.0;5.0;Etudiant;824;131;5 portes;181;2980;Renault;21320;531;853;21.7820495085
820;35.0;12.0;Etudiant;309;99;SUV;128;7568;Renault;53660;880;880;19.8643396854
822;20.0;57.0;Etudiant;638;103;3 portes;116;503;;880;426;814;-3.94843368456
823;29.0;74.0;Etudiant;712;97;3 portes;121;1292;Renault;16520;486;858;-7.97613232635
825;26.0;30.0;Cadre;813;127;3 portes;151;2171;Peugeot;16390;792;738;-14.2809608456
826;43.0;8.0;Ouvrier;629;119;Utilitaire;156;4712;Peugeot;29990;670;698;53.5078539838
827;30.0;23.0;Cadre;418;123;3 portes;152;1263;Renault;8850;927;708;0.557975842812
828;49.0;11.0;Ouvrier;512;89;SUV;141;1203;Volkswagen;11800;641;747;33.6578125574
829;34.0;12.0;Cadre;385;106;Utilitaire;142;343;Renault;7400;937;915;39.3320140204
832;27.0;52.0;Travailleur non salarie;504;84;SUV;117;4784;Toyota;33300;146;667;22.953941872
833;37.0;15.0;Cadre;977;120;5 portes;154;3475;Citroen;25020;320;842;12.9964606299
835;36.0;21.0;Sans emploi;766;104;SUV;137;6357;Peugeot;45240;638;890;36.5603302767
836;28.0;18.0;Sans emploi;416;79;SUV;102;2754;Volkswagen;15790;31;816;27.7346082372
837;26.0;22.0;Etudiant;901;111;5 portes;134;1624;Peugeot;15220;835;876;15.2518373004
839;18.0;2.0;Cadre;910;82;5 portes;84;4589;Toyota;26460;721;722;4.92991546203
840;34.0;6.0;Sans emploi;911;87;3 portes;123;2284;Peugeot;14050;116;893;-12.6723519909
841;34.0;63.0;Ouvrier;995;132;5 portes;174;2113;Citroen;16390;548;876;14.5106569447
842;56.0;24.0;Etudiant;811;102;5 portes;167;3651;Renault;23250;874;848;22.487862189
843;57.0;7.0;Etudiant;702;90;SUV;151;2278;Peugeot;18580;296;913;45.528717827
845;24.0;34.0;Etudiant;900;136;3 portes;160;4558;Volkswagen;26470;444;708;-14.602378903
847;;5.0;Cadre;956;85;5 portes;120;348;;8420;494;841;14.747264396
848;20.0;16.0;Ouvrier;798;84;Utilitaire;94;7448;Renault;49690;853;743;52.6876157617
849;25.0;15.0;Etudiant;650;100;SUV;127;4514;Peugeot;24780;300;621;33.3327150023
850;29.0;14.0;Etudiant;412;126;SUV;159;3851;Toyota;28870;761;904;28.0533203659
852;58.0;17.0;Cadre;324;97;3 portes;170;8136;Toyota;51680;795;975;1.65244053827
853;37.0;42.0;Ouvrier;814;86;5 portes;115;1758;Peugeot;14030;7;756;12.9163870533
854;38.0;23.0;Etudiant;734;83;Utilitaire;125;1834;Renault;11260;292;834;66.2710936146
855;28.0;42.0;Etudiant;794;116;5 portes;138;5493;Renault;38660;221;839;11.8178242781
856;46.0;6.0;Etudiant;573;106;3 portes;150;2220;Renault;22280;85;847;2.03390313732
857;35.0;14.0;Cadre;964;107;SUV;142;3098;Renault;20480;329;731;43.5251564573
858;;14.0;Travailleur non salarie;328;80;5 portes;107;3992;Volkswagen;28590;202;766;9.38262031746
860;18.0;15.0;Cadre;564;105;5 portes;113;6779;Citroen;40130;990;803;3.28720151519
861;34.0;55.0;Cadre;233;123;3 portes;159;1221;Toyota;6160;556;857;9.63673299178
862;21.0;15.0;Etudiant;776;116;5 portes;138;6552;Peugeot;47150;753;621;7.82620427662
863;28.0;7.0;Travailleur non salarie;425;97;3 portes;131;1912;Citroen;11810;586;689;-1.7092361039
864;41.0;7.0;Etudiant;385;105;5 portes;143;4560;Renault;31220;365;807;15.6579501834
865;20.0;3.0;Sans emploi;697;105;Utilitaire;126;6277;Opel;40360;300;899;53.1341363721
866;33.0;5.0;Cadre;882;99;5 portes;125;5342;Peugeot;42430;138;990;7.72556505727
867;35.0;4.0;Etudiant;224;87;3 portes;121;2491;Peugeot;21520;284;679;7.97429143875
868;45.0;23.0;Ouvrier;617;114;SUV;157;273;;9070;962;710;37.7467642972
869;18.0;5.0;Ouvrier;554;134;SUV;151;4107;Peugeot;26630;612;777;26.251277897
870;26.0;12.0;Cadre;987;99;SUV;122;6364;;44620;178;833;37.7112181868
872;49.0;9.0;Etudiant;280;95;Utilitaire;145;3093;Volkswagen;24190;825;838;38.5914858188
874;20.0;6.0;Cadre;568;100;5 portes;113;230;Peugeot;4860;43;773;11.1148784977
876;19.0;20.0;Ouvrier;621;115;3 portes;141;3001;Volkswagen;22740;469;756;-12.0547611742
877;22.0;12.0;Cadre;402;118;5 portes;137;3787;Toyota;21650;635;651;9.40816984834
878;24.0;4.0;Cadre;719;62;Utilitaire;79;5965;Volkswagen;40630;314;752;49.3543576264
879;36.0;39.0;Cadre;774;113;5 portes;152;766;Citroen;8230;445;840;15.4329025794
880;47.0;25.0;Travailleur non salarie;685;106;SUV;152;10735;;77190;637;837;26.7269943655
881;24.0;9.0;Travailleur non salarie;670;127;5 portes;153;2490;;13240;405;892;12.1509200451
882;43.0;6.0;Etudiant;537;87;SUV;129;4826;Peugeot;32200;257;809;33.5079342668
883;26.0;14.0;Cadre;721;102;3 portes;134;6247;Toyota;42700;316;872;-19.0927979545
884;27.0;1.0;Etudiant;256;119;3 portes;152;10407;Renault;70330;378;727;-2.6382271146
885;22.0;5.0;Sans emploi;492;114;Utilitaire;127;3141;Volkswagen;16440;603;691;45.8405773973
886;42.0;15.0;Etudiant;216;123;5 portes;160;-111;Renault;3480;132;835;23.9699682947
889;35.0;7.0;Ouvrier;945;109;3 portes;144;6050;Renault;40620;422;818;-22.13940266
890;29.0;33.0;Sans emploi;770;80;5 portes;115;2070;Renault;15820;742;939;14.8084986767
891;23.0;23.0;Etudiant;624;107;3 portes;132;5562;Toyota;41290;47;821;-10.3660768644
892;22.0;2.0;Cadre;823;114;5 portes;138;5266;Toyota;39530;566;819;5.8463802055
894;20.0;26.0;Travailleur non salarie;431;80;SUV;101;2781;Peugeot;19970;905;621;21.2477182756
895;39.0;27.0;Ouvrier;473;92;3 portes;129;2239;Renault;17530;712;711;-2.27810665904
896;28.0;56.0;Cadre;558;95;5 portes;120;5394;Citroen;33370;278;579;6.97583642583
898;26.0;7.0;Sans emploi;838;104;3 portes;123;3313;Citroen;27620;968;727;-14.2300860762
899;28.0;15.0;Sans emploi;611;94;5 portes;121;3894;Volkswagen;18180;138;865;14.1740784695
900;25.0;28.0;Ouvrier;614;75;SUV;106;3103;Peugeot;23010;348;859;26.8164737355
902;22.0;8.0;Cadre;495;85;3 portes;103;782;Peugeot;8020;611;784;-6.15225372954
903;42.0;30.0;Etudiant;748;84;5 portes;124;3591;Toyota;25620;748;669;16.073091353
904;38.0;22.0;Travailleur non salarie;906;90;5 portes;122;8437;Renault;56320;620;906;5.89542859134
905;22.0;12.0;Travailleur non salarie;685;84;SUV;104;4983;;32250;210;789;27.2054806867
906;22.0;24.0;Ouvrier;769;97;5 portes;121;1534;Volkswagen;8840;304;894;10.6871590181
907;20.0;17.0;Etudiant;833;91;5 portes;113;1622;Peugeot;12330;681;774;13.7040458822
908;43.0;9.0;Etudiant;732;103;3 portes;148;4662;Volkswagen;37850;441;669;-9.14074033736
909;24.0;10.0;Etudiant;866;100;5 portes;124;4268;Renault;28890;519;931;11.675689667
910;40.0;17.0;Cadre;745;109;3 portes;150;6963;Citroen;43430;526;682;-15.1201004544
911;;28.0;Sans emploi;896;85;5 portes;101;3801;Renault;22870;162;907;10.1692600762
912;29.0;8.0;Etudiant;900;86;5 portes;122;5431;;38610;208;606;10.0863936929
913;28.0;7.0;Etudiant;934;83;3 portes;106;4991;Toyota;32130;38;866;-18.2245040268
914;18.0;6.0;Cadre;800;101;3 portes;118;3542;;26150;279;593;-20.1261828267
916;58.0;11.0;Cadre;642;117;Utilitaire;162;2859;Peugeot;24340;417;674;59.7532756491
917;58.0;44.0;Ouvrier;275;102;3 portes;165;5150;Peugeot;37160;290;780;6.56496691174
918;38.0;41.0;Cadre;888;97;SUV;133;1140;Citroen;7490;868;774;44.71458953
919;26.0;15.0;Cadre;573;111;Utilitaire;133;2324;Renault;16860;968;746;48.470787194
920;19.0;61.0;Ouvrier;210;99;5 portes;118;10892;Citroen;73550;403;850;-2.54446591468
921;75.0;21.0;Cadre;483;85;SUV;161;8880;Peugeot;55570;305;673;30.9922255627
922;31.0;10.0;Sans emploi;849;111;5 portes;143;3586;Volkswagen;20480;625;563;15.253265943
923;24.0;30.0;Etudiant;845;93;5 portes;124;2044;Toyota;15380;895;839;14.0663231776
925;18.0;12.0;Ouvrier;700;97;5 portes;112;2269;Renault;18170;179;708;6.69247471086
927;61.0;11.0;Cadre;279;99;3 portes;162;2725;Peugeot;18960;57;849;10.0157210218
928;27.0;1.0;Ouvrier;443;89;SUV;123;3643;Peugeot;24030;313;924;22.6294993518
929;55.0;2.0;Etudiant;288;95;SUV;153;4087;Peugeot;27970;2;824;29.2459983283
930;23.0;11.0;Cadre;678;90;3 portes;106;4453;Citroen;30500;675;774;-14.6400223246
932;24.0;1.0;Ouvrier;355;108;3 portes;126;2956;Opel;21160;852;726;-0.516521122099
933;20.0;28.0;Etudiant;761;103;5 portes;128;3163;Volkswagen;24740;186;680;11.5646148053
934;56.0;37.0;Etudiant;864;99;SUV;162;5939;Citroen;35540;713;771;47.6163385911
935;21.0;15.0;Cadre;333;115;SUV;134;4500;Citroen;27840;536;815;18.3478482394
936;33.0;2.0;Cadre;888;79;Utilitaire;109;1901;Citroen;16490;129;624;68.3621861242
937;38.0;14.0;Etudiant;435;102;5 portes;138;3341;Peugeot;26560;949;864;15.4187431191
938;22.0;28.0;Travailleur non salarie;854;117;5 portes;132;7056;Opel;51450;587;749;3.48315805403
941;18.0;10.0;Etudiant;552;86;SUV;113;7515;;49060;9;816;23.0011720136
942;32.0;28.0;Ouvrier;897;117;Utilitaire;146;5509;Renault;34830;385;851;67.8616754553
943;27.0;9.0;Cadre;672;89;5 portes;117;6419;Peugeot;41130;277;833;5.18103054014
944;33.0;32.0;Cadre;835;116;SUV;155;6878;Citroen;44280;976;853;35.0792261924
946;28.0;18.0;Ouvrier;339;112;3 portes;135;4294;Renault;28470;270;679;-1.76103015823
947;58.0;35.0;Ouvrier;401;88;SUV;152;2050;Citroen;14770;958;899;32.4144792746
948;52.0;16.0;Ouvrier;709;96;SUV;153;62;Peugeot;6540;13;729;42.4763319636
949;32.0;17.0;Cadre;345;72;SUV;106;4422;Citroen;31410;65;788;18.9799013598
953;33.0;9.0;Cadre;904;117;SUV;145;6484;Opel;41830;385;827;36.5065703759
954;36.0;6.0;Ouvrier;403;109;5 portes;147;2487;Peugeot;17130;675;766;14.0607268924
955;59.0;3.0;Ouvrier;620;102;SUV;163;2792;Toyota;21230;467;818;40.1019277614
956;27.0;2.0;Etudiant;590;108;5 portes;141;2818;Citroen;14280;223;803;16.1090535637
957;25.0;21.0;Cadre;229;92;SUV;123;5207;Toyota;34270;193;582;13.9708687127
959;47.0;18.0;Etudiant;325;104;5 portes;142;5624;Citroen;41350;511;630;15.802264393
963;23.0;12.0;Sans emploi;538;86;3 portes;110;3233;Peugeot;18610;788;622;-3.80641863953
964;32.0;9.0;Ouvrier;815;96;5 portes;132;4788;Peugeot;29580;239;788;8.94620594134
965;20.0;25.0;Sans emploi;225;111;Utilitaire;135;890;Volkswagen;5640;696;654;30.0827704508
967;40.0;9.0;Cadre;476;102;3 portes;146;850;Toyota;9960;213;838;0.0163664936315
968;20.0;52.0;Cadre;977;154;3 portes;163;4847;Peugeot;31680;794;864;-21.5892757065
969;24.0;4.0;Sans emploi;792;104;SUV;122;5800;Renault;38210;1;816;35.3223454072
970;25.0;14.0;Etudiant;909;99;3 portes;127;2765;Volkswagen;20720;914;805;-14.6027899243
971;28.0;17.0;Cadre;823;107;5 portes;134;3981;Citroen;30580;853;797;9.39038150624
973;35.0;9.0;Etudiant;251;103;SUV;139;7720;Peugeot;58290;589;731;16.6641625981
974;20.0;7.0;Cadre;540;104;3 portes;123;6213;Volkswagen;42300;58;802;-13.5278771761
975;45.0;12.0;Sans emploi;247;87;3 portes;133;3587;Volkswagen;24080;823;759;9.20506357229
976;44.0;44.0;Etudiant;954;119;SUV;159;4144;Peugeot;32330;998;914;48.2727702507
977;26.0;20.0;Travailleur non salarie;686;105;5 portes;134;4203;Renault;29260;818;799;8.18536146754
979;27.0;32.0;Cadre;406;104;SUV;134;3202;Renault;18700;717;794;22.5889382453
980;45.0;6.0;Sans emploi;473;117;5 portes;167;9746;Volkswagen;64690;880;661;12.3933998284
981;37.0;9.0;Cadre;715;102;SUV;132;8877;Citroen;62670;657;722;26.8262713514
982;30.0;16.0;Sans emploi;427;147;5 portes;179;6455;Renault;46370;3;925;14.2243293904
983;43.0;14.0;Etudiant;955;119;3 portes;163;1780;;13830;394;760;-8.92871567532
984;69.0;16.0;Ouvrier;422;122;SUV;199;5086;Citroen;33530;166;876;34.1415435009
985;66.0;9.0;Cadre;890;101;5 portes;163;3701;Toyota;17680;249;934;21.2212646363
986;42.0;9.0;Cadre;637;79;SUV;125;5041;Peugeot;30370;919;694;30.7852373462
987;59.0;11.0;Ouvrier;293;97;Utilitaire;154;3542;Renault;19250;593;888;38.3363693681
988;33.0;19.0;Travailleur non salarie;479;110;5 portes;145;6383;Citroen;39960;170;737;8.49823900974
989;18.0;2.0;Ouvrier;445;104;SUV;121;2719;Renault;24680;237;759;21.091273993
991;64.0;14.0;Ouvrier;535;91;5 portes;154;3660;Peugeot;27140;138;843;18.2521212555
992;52.0;7.0;Travailleur non salarie;705;83;SUV;134;7927;Peugeot;51120;357;758;32.5784356552
993;21.0;9.0;Cadre;478;95;3 portes;117;1884;Renault;7280;643;774;-4.28124710266
994;137.0;3.0;Cadre;874;111;5 portes;131;6662;Renault;48960;272;751;4.77525915591
996;27.0;28.0;Etudiant;615;111;3 portes;131;5425;Citroen;36030;77;1031;-8.51412320609
998;26.0;6.0;Cadre;372;104;SUV;129;3365;Citroen;25760;756;763;20.4300194347
1001;21.0;14.0;Cadre;694;106;5 portes;125;4531;Opel;34900;833;719;7,190978197
1004;23.0;6.0;Ouvrier;408;100;5 portes;127;10985;Volkswagen;74270;647;768;-2,870970998
1005;29.0;20.0;Ouvrier;429;122;5 portes;158;7366;Citroen;46160;754;687;7,221106899
1006;48.0;2.0;Etudiant;875;120;3 portes;169;2872;Renault;22450;44;707;-6,752369915
1008;45.0;8.0;Etudiant;204;106;SUV;150;1874;Citroen;11630;215;676;29,71510408
1009;54.0;17.0;Etudiant;916;106;SUV;167;6354;Peugeot;48090;12;753;44,74180297
1010;35.0;3.0;Etudiant;910;113;5 portes;137;4580;Volkswagen;34620;163;667;12,95607971
1013;;4.0;Etudiant;972;93;5 portes;133;6712;Renault;51340;246;781;10,13213121
1014;38.0;31.0;Cadre;468;101;Utilitaire;141;838;Toyota;7210;378;725;46,33729308
1015;;9.0;Cadre;298;83;5 portes;111;11452;Citroen;78130;628;654;-5,181953371
1017;26.0;2.0;Cadre;409;115;5 portes;147;3500;Peugeot;31360;708;879;8,774338188
1018;29.0;2.0;Cadre;336;109;SUV;137;3219;Renault;17970;419;821;22,08238737
1019;42.0;18.0;Cadre;742;112;5 portes;154;1835;Volkswagen;9770;652;806;16,91043763
1020;62.0;17.0;Etudiant;260;82;SUV;140;4284;Citroen;33780;822;723;28,27630084
1021;45.0;4.0;Ouvrier;993;97;3 portes;143;3432;Renault;29160;255;974;-17,36882901
1022;23.0;18.0;Etudiant;386;65;SUV;89;2751;Renault;17800;689;736;24,42786783
1023;36.0;42.0;Etudiant;491;114;Utilitaire;146;3519;Citroen;26100;643;815;46,04496042
1024;28.0;12.0;Cadre;948;116;SUV;138;2183;Peugeot;14810;379;578;42,45575921
1025;32.0;25.0;Travailleur non salarie;696;105;3 portes;137;3906;;24340;382;962;-11,43728126
1028;19.0;7.0;Ouvrier;462;113;3 portes;132;1561;Peugeot;9270;272;603;-2,445887846
1029;54.0;28.0;Etudiant;312;81;3 portes;135;1592;Opel;8050;887;738;11,45011489
1030;42.0;4.0;Etudiant;404;102;Utilitaire;148;2813;Renault;13550;713;842;44,20933109
1031;31.0;15.0;Etudiant;648;110;5 portes;143;5234;Citroen;30710;341;1010;13,05600098
1033;;9.0;Etudiant;633;91;3 portes;126;2376;Peugeot;17460;926;922;-3,327877202
1034;35.0;19.0;Sans emploi;587;117;SUV;145;6051;Renault;34090;562;772;33,63706975
1035;24.0;12.0;Etudiant;804;111;3 portes;127;6224;Renault;41340;686;746;-16,30919185
1036;32.0;17.0;Cadre;944;120;5 portes;144;4252;Citroen;28280;540;891;10,41438768
1037;25.0;27.0;Cadre;592;103;5 portes;125;10939;Peugeot;80410;833;587;-5,900293343
1038;35.0;39.0;Etudiant;276;85;SUV;116;2954;Toyota;17970;128;893;25,19654889
1040;26.0;4.0;Ouvrier;946;90;SUV;119;1799;Peugeot;14190;697;817;40,70580576
1041;45.0;1.0;Etudiant;950;96;5 portes;143;5918;;46080;673;847;13,6706983
1042;18.0;11.0;Ouvrier;784;107;SUV;118;802;Peugeot;7420;330;689;35,38989139
1043;26.0;11.0;Etudiant;686;122;3 portes;140;945;Volkswagen;6400;179;772;-3,763978719
1045;23.0;21.0;Etudiant;828;127;3 portes;145;2794;;22680;335;887;-12,4775409
1046;21.0;1.0;Cadre;779;80;SUV;98;8129;Peugeot;57180;599;715;25,60638601
1047;31.0;12.0;Travailleur non salarie;639;97;SUV;121;1719;Renault;16430;66;685;32,41114178
1048;29.0;11.0;Cadre;778;100;5 portes;129;10367;Peugeot;76930;489;801;-2,056003875
1050;45.0;19.0;Travailleur non salarie;885;76;5 portes;123;3794;Renault;31460;747;944;12,87688726
1052;55.0;48.0;Ouvrier;637;102;5 portes;149;3154;Renault;25540;948;767;16,52804734
1053;41.0;5.0;Etudiant;249;106;SUV;151;2222;Citroen;12880;579;931;28,60753525
1054;26.0;16.0;Etudiant;524;101;3 portes;128;2709;Peugeot;15740;25;854;-3,335550989
1055;28.0;15.0;Cadre;576;95;5 portes;123;1875;Peugeot;17300;381;904;10,94837507
1056;28.0;23.0;Ouvrier;340;80;SUV;114;2141;Peugeot;14850;516;671;20,89746478
1058;31.0;9.0;Cadre;227;124;5 portes;148;2595;Peugeot;22130;13;893;10,54918152
1059;26.0;12.0;Cadre;429;107;3 portes;134;6170;Renault;44360;390;697;-7,371164984
1060;21.0;42.0;Cadre;319;90;SUV;106;4607;Opel;33090;68;993;16,10338836
1062;40.0;18.0;Cadre;308;106;SUV;146;6860;Toyota;44450;537;781;20,22506542
1064;45.0;40.0;Ouvrier;964;92;5 portes;140;2550;Toyota;19270;682;995;15,05194839
1065;37.0;12.0;Cadre;407;107;5 portes;143;1098;Citroen;5840;689;930;16,69407056
1067;51.0;13.0;Ouvrier;386;96;5 portes;149;914;Renault;14920;179;859;17,30775293
1068;27.0;64.0;Etudiant;219;99;5 portes;120;2587;Renault;13650;706;753;13,0649074
1069;22.0;19.0;Etudiant;772;94;5 portes;119;1154;Peugeot;8670;73;797;15,60425599
1070;21.0;18.0;Etudiant;492;101;Utilitaire;122;4266;Peugeot;24520;715;616;41,80287606
1071;33.0;29.0;Etudiant;577;104;3 portes;136;6920;Citroen;49920;683;993;-8,371698012
1072;29.0;14.0;Ouvrier;211;82;3 portes;113;3005;Renault;23940;191;579;-1,860675614
1073;18.0;8.0;Cadre;348;98;5 portes;125;7545;Peugeot;52660;300;854;2,44487587
1074;26.0;16.0;Cadre;644;123;3 portes;142;9421;Peugeot;61870;660;964;-16,79226646
1075;33.0;24.0;Ouvrier;741;100;SUV;141;3482;Renault;24270;531;1099;35,25322754
1077;25.0;14.0;Etudiant;958;122;SUV;152;1244;Opel;6320;446;612;50,29567032
1078;23.0;26.0;Cadre;489;97;Utilitaire;121;6862;Renault;53660;70;787;32,38669083
1079;68.0;18.0;Cadre;889;103;5 portes;171;7088;Toyota;53040;571;823;16,71767869
1080;57.0;32.0;Etudiant;800;108;SUV;164;5493;Toyota;42510;270;769;43,53113735
1081;33.0;39.0;Cadre;758;94;SUV;124;345;Peugeot;8840;719;732;38,38873938
1082;39.0;11.0;Ouvrier;875;85;5 portes;129;1009;Opel;11440;129;638;16,9508423
1083;49.0;14.0;Ouvrier;912;89;SUV;130;4605;Citroen;35690;918;626;41,65244484
1084;58.0;1.0;Ouvrier;757;104;Utilitaire;173;9381;Citroen;67810;150;725;58,68355802
1086;31.0;20.0;Sans emploi;351;96;5 portes;128;5238;Renault;37840;179;841;11,333849
1088;45.0;26.0;Cadre;644;104;3 portes;154;6864;Citroen;48690;301;596;-11,12191112
1089;28.0;25.0;Cadre;975;114;SUV;140;13163;Volkswagen;88740;270;660;26,93197027
1090;34.0;49.0;Cadre;652;132;5 portes;173;3369;Volkswagen;20270;447;588;16,0488496
1091;41.0;4.0;Etudiant;848;102;5 portes;144;4518;Peugeot;31160;744;758;16,58101399
1092;53.0;27.0;Ouvrier;704;94;5 portes;146;1328;Peugeot;7130;819;804;19,44458449
1093;38.0;15.0;Etudiant;272;97;3 portes;133;5986;Renault;38780;333;820;4,038353446
1096;40.0;39.0;Ouvrier;317;116;5 portes;151;3052;Peugeot;22490;96;736;14,30560728
1097;39.0;3.0;Etudiant;572;97;SUV;134;5061;Renault;36380;549;716;33,94021511
1098;25.0;26.0;Etudiant;670;92;5 portes;113;1657;Toyota;6450;322;640;15,47471852
1100;33.0;9.0;Etudiant;726;127;3 portes;158;4870;Citroen;28700;824;855;-9,419890663
1101;36.0;6.0;Cadre;880;92;3 portes;126;1826;Citroen;20990;723;856;-14,94852108
1102;29.0;;Cadre;887;124;3 portes;151;2731;Volkswagen;19890;946;836;-16,23634425
1104;18.0;14.0;Etudiant;941;101;SUV;116;3650;Renault;23000;671;850;39,80047434
1105;27.0;38.0;Etudiant;542;97;Utilitaire;120;5374;Volkswagen;37430;985;731;43,71886233
1106;29.0;17.0;Sans emploi;701;91;5 portes;126;3454;Citroen;24000;199;871;14,11251921
1107;34.0;23.0;Etudiant;427;94;5 portes;134;6071;;42980;234;796;11,18922544
1108;20.0;21.0;Sans emploi;434;119;5 portes;144;4610;Toyota;27710;287;741;11,81119753
1109;37.0;7.0;Etudiant;594;80;SUV;111;3979;Peugeot;28880;566;620;33,31072109
1110;29.0;21.0;Ouvrier;955;94;SUV;120;3573;Peugeot;21400;391;832;39,45584914
1111;24.0;40.0;Etudiant;546;100;5 portes;114;6471;Peugeot;43360;236;628;8,706153657
1112;36.0;19.0;Cadre;969;84;3 portes;111;4534;Citroen;30490;179;870;-20,54028553
1113;31.0;29.0;Cadre;951;93;Utilitaire;121;3762;Citroen;24720;637;820;65,24314818
1114;57.0;37.0;Cadre;824;80;SUV;130;5915;Toyota;41020;554;765;39,41617684
1116;52.0;31.0;Travailleur non salarie;510;110;SUV;164;4940;Volkswagen;32080;264;616;32,45396403
1118;24.0;4.0;Ouvrier;522;121;3 portes;140;4160;Renault;29630;944;1010;-10,31920904
1119;45.0;1.0;Sans emploi;254;85;5 portes;130;4223;Renault;27010;599;615;17,03226269
1121;50.0;14.0;Ouvrier;447;74;5 portes;123;4016;Renault;32600;610;702;13,8723957
1124;27.0;;Ouvrier;755;98;5 portes;127;2267;Toyota;19040;37;879;10,68296155
1125;30.0;23.0;Ouvrier;976;103;SUV;137;9054;Toyota;62250;676;1016;34,16590388
1127;41.0;11.0;Ouvrier;948;95;5 portes;134;3425;Renault;25500;57;749;12,70733645
1128;45.0;29.0;Sans emploi;236;117;5 portes;160;3741;Peugeot;25330;459;816;18,84206219
1129;45.0;17.0;Etudiant;565;94;SUV;136;5320;Citroen;36020;291;959;35,5736509
1130;23.0;29.0;Ouvrier;629;113;SUV;136;8749;Volkswagen;60120;370;880;22,53037056
1131;35.0;9.0;Etudiant;672;85;5 portes;122;7261;Renault;43010;190;959;10,81848766
1133;30.0;24.0;Ouvrier;848;95;SUV;117;2403;Volkswagen;15950;412;759;37,54763555
1134;47.0;1.0;Etudiant;916;102;3 portes;152;1457;Volkswagen;14420;657;845;-7,713234121
1135;21.0;25.0;Travailleur non salarie;958;133;3 portes;153;6959;Toyota;47030;712;794;-22,71192036
1137;46.0;10.0;Cadre;994;101;3 portes;144;5535;Renault;34500;615;779;-17,31359808
1138;19.0;7.0;Etudiant;507;102;SUV;124;2224;Opel;17800;677;796;29,50120387
1139;31.0;9.0;Etudiant;404;105;SUV;134;3835;;27830;807;934;27,06642031
1140;39.0;35.0;Travailleur non salarie;768;67;SUV;112;3455;Toyota;19770;586;872;37,15043852
1141;35.0;7.0;Cadre;224;111;5 portes;147;3603;;25550;175;927;10,27684487
1142;35.0;4.0;Etudiant;360;80;5 portes;108;8460;Peugeot;55870;582;849;7,800740518
1143;32.0;18.0;Etudiant;305;70;5 portes;107;6698;Renault;50290;799;883;8,560790038
1144;23.0;24.0;Cadre;457;101;5 portes;122;6790;Peugeot;42690;113;888;5,113853089
1145;30.0;27.0;Ouvrier;915;81;3 portes;113;3293;Peugeot;19460;746;668;-18,83994393
1147;38.0;15.0;Etudiant;979;116;5 portes;149;7677;Volkswagen;56540;524;773;13,05316889
1148;22.0;7.0;Travailleur non salarie;804;100;3 portes;130;997;Renault;7540;429;746;-13,13059056
1149;24.0;40.0;Cadre;857;85;5 portes;112;5412;Renault;37360;840;796;5,279845337
1150;36.0;13.0;Etudiant;579;101;3 portes;136;1755;Peugeot;11370;214;963;0,303828098
1151;58.0;40.0;Cadre;948;130;5 portes;196;8364;Renault;58920;477;752;16,46115086
1152;23.0;11.0;Etudiant;683;101;5 portes;121;1626;Peugeot;12150;454;904;14,51885983
1153;30.0;8.0;Etudiant;922;126;SUV;160;7981;Renault;55200;345;842;39,47901426
1154;43.0;5.0;Ouvrier;463;121;5 portes;161;2582;Citroen;13190;146;759;17,52152229
1155;33.0;16.0;Sans emploi;968;82;SUV;111;823;Toyota;12790;960;583;46,64201463
1157;29.0;27.0;Etudiant;523;80;5 portes;111;9314;Citroen;70610;517;904;2,829533643
1158;23.0;5.0;Ouvrier;330;108;Utilitaire;126;5862;Citroen;43440;605;812;28,65823931
1159;24.0;37.0;Cadre;979;108;5 portes;137;2674;;24810;425;825;10,54038464
1160;26.0;24.0;Cadre;392;97;5 portes;120;4325;;28340;961;863;7,055678801
1161;40.0;0.0;Sans emploi;839;76;SUV;116;4357;Citroen;30170;801;786;40,90722944
1162;24.0;4.0;Cadre;953;94;3 portes;112;2964;Renault;21640;675;766;-21,04349943
1163;22.0;24.0;Etudiant;219;95;3 portes;117;5167;Citroen;38560;909;699;-0,161743205
1164;48.0;14.0;Ouvrier;781;107;SUV;154;8084;Peugeot;56040;600;704;33,98877457
1165;45.0;21.0;Ouvrier;250;99;3 portes;139;6236;Volkswagen;43030;786;766;0,151617784
1166;29.0;27.0;Cadre;619;107;5 portes;141;6317;Citroen;43070;637;903;6,651030824
1167;39.0;11.0;Travailleur non salarie;884;95;SUV;139;4156;Toyota;31650;649;879;40,27467504
1168;0.0;12.0;Cadre;264;76;SUV;111;2430;Renault;14740;269;758;19,54356726
1169;43.0;5.0;Cadre;369;99;5 portes;143;4361;Citroen;35670;134;617;11,73831897
1171;40.0;15.0;Cadre;762;87;Utilitaire;132;5310;Peugeot;47940;92;709;58,14743802
1172;44.0;5.0;Cadre;808;84;SUV;124;3360;Peugeot;25600;682;743;38,00527034
1174;26.0;14.0;Etudiant;418;127;5 portes;144;5574;Renault;36260;233;743;10,64628094
1175;45.0;4.0;Etudiant;473;84;3 portes;130;4461;Renault;36430;965;864;1,163331781
1176;35.0;7.0;Sans emploi;774;115;3 portes;151;8059;Peugeot;50040;189;826;-15,77903657
1177;18.0;52.0;Cadre;990;102;5 portes;115;1353;Renault;14880;617;843;9,599593414
1178;32.0;2.0;Travailleur non salarie;447;98;SUV;133;3515;Toyota;17510;773;687;25,45397071
1179;31.0;47.0;Etudiant;385;101;5 portes;134;3644;Citroen;23940;521;741;14,33507365
1180;20.0;22.0;Ouvrier;457;127;5 portes;143;3842;Citroen;26790;736;941;7,769817746
1182;32.0;30.0;Sans emploi;340;107;5 portes;127;4976;Peugeot;27160;670;939;13,56310115
1185;51.0;22.0;Etudiant;325;110;3 portes;162;3251;Citroen;18580;898;835;9,965335583
1186;25.0;5.0;Etudiant;871;101;Utilitaire;125;2421;;16140;822;892;69,04566292
1187;33.0;8.0;Sans emploi;391;107;3 portes;152;208;Citroen;7120;368;620;5,303472515
1188;47.0;50.0;Sans emploi;955;88;5 portes;137;9977;Peugeot;67180;651;626;10,56374896
1190;42.0;15.0;Cadre;345;96;3 portes;139;3194;Citroen;21730;78;801;2,876974795
1191;42.0;49.0;Etudiant;523;96;5 portes;144;4659;Citroen;31800;757;822;16,97323886
1192;37.0;16.0;Travailleur non salarie;205;82;5 portes;124;4635;Peugeot;34720;155;753;9,074676181
1193;45.0;15.0;Cadre;538;101;3 portes;141;1626;;9120;639;821;-1,750620137
1195;28.0;22.0;Cadre;982;78;3 portes;99;5698;Toyota;39220;48;639;-22,11349299
1196;21.0;11.0;Etudiant;775;104;SUV;139;272;Renault;3820;519;842;40,79770392
1199;25.0;8.0;Cadre;533;117;Utilitaire;145;4300;Renault;29710;473;892;43,30729611
1200;28.0;8.0;Etudiant;384;91;5 portes;129;2909;Renault;24170;723;568;12,7944983
1201;25.0;9.0;Ouvrier;337;118;5 portes;140;1249;Citroen;9160;541;798;13,01211528
1202;25.0;27.0;Cadre;341;107;SUV;142;4113;Renault;31490;244;751;19,97812658
1203;20.0;21.0;Cadre;831;97;5 portes;121;6851;Opel;47870;333;930;3,576101481
1204;24.0;9.0;Etudiant;994;88;SUV;105;5765;Renault;39790;473;704;40,19025056
1206;24.0;8.0;Etudiant;427;112;5 portes;137;2207;Peugeot;15160;888;834;15,27265046
1208;25.0;9.0;Ouvrier;332;105;SUV;133;2123;Citroen;13290;506;824;22,26140359
1209;43.0;56.0;Cadre;651;94;5 portes;139;2362;Peugeot;12840;555;572;15,85090181
1210;25.0;24.0;Etudiant;453;88;SUV;115;4424;Citroen;33140;513;811;25,13520007
1211;45.0;8.0;Etudiant;811;86;3 portes;120;2155;Renault;15290;48;660;-7,920905646
1212;45.0;13.0;Cadre;977;109;5 portes;158;5936;Renault;41340;620;747;12,62722814
1213;34.0;18.0;Etudiant;987;104;3 portes;141;4174;Renault;24830;167;767;-12,48579467
1214;25.0;15.0;Cadre;250;105;SUV;126;7631;Renault;49640;635;772;12,36452358
1215;65.0;6.0;Etudiant;360;103;3 portes;165;8850;Toyota;64510;962;738;4,34902573
1216;34.0;11.0;Cadre;395;101;5 portes;134;1124;Volkswagen;7620;873;878;15,43243568
1217;43.0;6.0;Travailleur non salarie;969;113;5 portes;157;1918;Peugeot;18660;6;807;16,66488946
1218;21.0;17.0;Ouvrier;797;75;5 portes;95;632;Peugeot;7810;433;830;9,907999594
1220;41.0;2.0;Cadre;221;83;5 portes;125;2796;Peugeot;17370;837;739;13,02222351
1221;39.0;30.0;Travailleur non salarie;474;97;SUV;134;4360;Citroen;27180;296;844;26,88047319
1222;25.0;69.0;Travailleur non salarie;404;101;5 portes;118;4633;Volkswagen;33520;689;693;6,963278319
1223;26.0;10.0;Cadre;871;100;SUV;135;3092;Citroen;26380;991;750;36,32273818
1224;25.0;15.0;Cadre;957;106;3 portes;136;2741;Renault;17800;972;744;-19,08597993
1226;45.0;24.0;Cadre;842;125;SUV;171;2187;Volkswagen;13830;941;767;45,22951006
1229;30.0;32.0;Etudiant;200;110;5 portes;146;4471;Opel;29010;772;683;13,00209269
1230;21.0;1.0;Etudiant;713;94;5 portes;117;5637;Peugeot;36510;471;855;7,9430678
1231;42.0;11.0;Ouvrier;249;74;5 portes;124;4066;Peugeot;30070;395;1028;12,44371291
1232;;41.0;Sans emploi;593;77;SUV;118;2257;Renault;12320;158;857;36,07480206
1233;32.0;11.0;Etudiant;323;107;5 portes;142;7975;Peugeot;57590;122;703;9,222573074
1234;31.0;19.0;Etudiant;887;61;SUV;95;1605;Citroen;10940;966;701;45,5672449
1235;25.0;28.0;Etudiant;356;123;3 portes;150;3480;Peugeot;17850;94;889;4,354876311
1237;39.0;42.0;Etudiant;636;86;5 portes;124;855;Peugeot;10070;19;772;20,52125164
1238;39.0;4.0;Cadre;500;91;SUV;128;3408;Toyota;18640;39;850;29,46255521
1239;51.0;33.0;Sans emploi;307;76;5 portes;124;4498;Citroen;27990;454;845;18,92598736
1240;32.0;8.0;Etudiant;364;98;3 portes;129;1520;Renault;6650;83;936;7,441215396
1242;42.0;10.0;Etudiant;268;117;SUV;172;6388;Renault;43510;641;704;23,99085441
1243;22.0;1.0;Ouvrier;901;80;Utilitaire;98;2473;Renault;18130;488;882;63,19892979
1244;20.0;36.0;Cadre;856;115;SUV;131;1945;Toyota;16070;397;660;37,36247934
1245;39.0;27.0;Ouvrier;275;103;Utilitaire;153;2193;Renault;10000;391;879;36,39203173
1246;27.0;24.0;Travailleur non salarie;263;98;5 portes;124;904;Peugeot;7620;551;692;12,87287491
1248;38.0;27.0;Etudiant;228;105;5 portes;143;743;Citroen;6760;510;899;20,66439649
1249;34.0;9.0;Cadre;994;127;5 portes;155;6664;Citroen;40130;266;686;9,227982893
1251;32.0;25.0;Etudiant;622;112;3 portes;153;2223;Renault;16850;770;824;-2,079169889
1252;44.0;22.0;Cadre;604;88;5 portes;124;2207;Volkswagen;15610;26;899;15,20834206
1253;25.0;5.0;Sans emploi;659;96;3 portes;119;5668;Citroen;37890;678;767;-9,58455574
1254;30.0;20.0;Sans emploi;510;113;Utilitaire;152;3069;Volkswagen;18410;802;732;47,40015161
1255;31.0;16.0;Cadre;627;105;3 portes;144;336;Citroen;7990;562;849;-4,548043875
1256;68.0;5.0;Ouvrier;531;88;SUV;168;4643;Peugeot;29340;95;855;37,06290802
1257;37.0;14.0;Cadre;269;127;Utilitaire;170;1105;Citroen;8500;113;659;37,42476008
1258;31.0;42.0;Ouvrier;293;135;SUV;164;4555;Opel;34290;869;943;20,72151649
1259;27.0;18.0;Cadre;942;107;5 portes;133;1170;Renault;9560;752;748;13,21044154
1260;36.0;58.0;Cadre;526;94;5 portes;127;1490;Renault;7660;509;763;15,52362676
1262;49.0;11.0;Etudiant;878;85;5 portes;132;1963;Peugeot;13230;613;792;20,00017854
1263;34.0;15.0;Cadre;293;82;SUV;112;10681;Peugeot;72820;436;891;9,071312398
1264;61.0;45.0;Sans emploi;307;105;SUV;159;4298;Renault;32940;304;714;32,08883737
1265;26.0;36.0;Etudiant;720;96;5 portes;133;4331;Citroen;28600;972;808;12,69379916
1266;26.0;31.0;Etudiant;437;113;5 portes;132;5521;Citroen;35770;717;849;9,30522866
1267;24.0;11.0;Travailleur non salarie;588;143;3 portes;171;5737;Toyota;45370;303;871;-11,42051984
1268;40.0;13.0;Sans emploi;547;107;5 portes;143;2164;Renault;16950;332;866;18,85839473
1269;22.0;13.0;Ouvrier;469;100;3 portes;125;1738;Citroen;9400;787;703;-2,512886942
1270;41.0;5.0;Ouvrier;801;102;3 portes;148;3827;Renault;32950;824;763;-15,54041692
1272;26.0;7.0;Etudiant;338;122;3 portes;151;8888;Peugeot;60120;745;589;-2,246752645
1273;29.0;44.0;Etudiant;560;103;5 portes;136;1251;Toyota;14680;508;599;17,62970312
1276;45.0;10.0;Travailleur non salarie;513;86;SUV;129;2642;Opel;15380;416;806;32,28449219
1279;30.0;20.0;Etudiant;312;87;5 portes;112;9631;Citroen;66350;9;709;4,205662693
1280;27.0;6.0;Etudiant;789;120;5 portes;145;3859;Opel;22830;447;665;14,83190996
1282;35.0;9.0;Sans emploi;227;103;SUV;146;2660;Volkswagen;17430;484;763;24,74157287
1283;0.0;18.0;Cadre;582;100;3 portes;153;6528;Opel;44000;187;969;-10,12006247
1285;42.0;5.0;Cadre;541;86;Utilitaire;131;5512;;43310;397;823;43,59427277
1286;28.0;5.0;Etudiant;466;88;3 portes;127;2650;Peugeot;22070;64;942;0,92192559
1287;22.0;32.0;Etudiant;771;97;SUV;122;3504;Peugeot;25750;574;940;35,68932813
1288;35.0;13.0;Etudiant;288;112;SUV;154;7710;Peugeot;50710;613;823;20,80092857
1291;27.0;10.0;Ouvrier;563;89;3 portes;114;2226;Citroen;20210;892;689;-9,181355764
1292;29.0;13.0;Etudiant;719;82;5 portes;113;1329;Peugeot;14760;534;743;15,50735173
1293;34.0;7.0;Etudiant;604;126;SUV;163;4585;Peugeot;26930;800;730;36,98093307
1295;64.0;22.0;Sans emploi;768;110;5 portes;166;1874;Opel;7400;83;825;27,22346084
1297;20.0;14.0;Cadre;784;104;SUV;120;977;Citroen;10070;902;702;35,23709483
1298;33.0;8.0;Etudiant;748;97;Utilitaire;131;3695;Opel;32360;271;771;63,51620784
1299;;4.0;Travailleur non salarie;454;115;5 portes;144;7973;Toyota;48570;495;789;6,610661897
